Code,N,E,Z,Name,Start time
pc1,121341.413,630603.900,1237.064,mayamba,2025/05/24 15:37:37
HilderMukhwanaBunamwaniLower,115758.358,632585.572,1316.665,CM4,2025/05/27 13:34:56
Eve.lando.Marale,116277.156,629110.444,1248.195,cmold3,2025/05/30 16:34:50
Eve.lando.Marale,116277.777,629110.326,1245.032,cmold4,2025/05/30 16:35:22
wenani.francis.plot1,88562.514,643838.886,1510.341,cm5,2025/05/31 10:48:23
GugaBwayoButiruCol,91710.715,642995.246,1382.960,chhhh14,2025/06/08 17:07:21
grac.neib,134136.270,624772.854,1290.212,pp,2025/06/09 12:21:41
Wekosese.Michael.Busiu.bunambutye,100283.646,631077.612,1326.241,12,2025/06/14 17:03:53
busiu,101679.443,629036.063,1309.979,cmold3,2025/06/20 12:52:33
fred,127363.954,646286.773,1493.806,p9,2025/06/23 13:04:20
fred,127367.684,646281.762,1491.860,p10,2025/06/23 13:10:56
fred,127367.438,646282.445,1491.963,p12,2025/06/23 13:11:21
fred,127369.753,646188.914,1485.414,p22,2025/06/23 13:20:46
fred,127316.341,646210.516,1493.100,p42,2025/06/23 13:36:28
fred,127318.241,646211.010,1491.831,p43,2025/06/23 13:38:15
fred2,127391.461,646339.033,1505.097,p2,2025/06/23 13:46:55
fred2,127404.514,646290.377,1493.195,p10,2025/06/23 13:52:14
fred3,127214.768,646023.346,1472.920,p9,2025/06/23 14:05:45
fred7,127513.400,645859.452,1463.307,p2,2025/06/23 16:08:11
Kitiyo.Patrick.Sironko,136086.115,637945.477,1256.645,CM1,2025/06/26 15:27:23
Juliet.kakai,120267.651,631617.561,1251.359,p2,2025/06/30 16:40:03
Town.side.bujoroto,122266.875,631188.564,1251.207,ptq1,2025/07/04 10:01:06
Town.side.bujoroto,122291.671,631171.497,1248.586,ptq2,2025/07/04 10:01:33
Mwondha.Sadat.Namatala,120573.809,629216.500,1232.102,p1,2025/06/30 13:06:25
Mwondha.Sadat.Namatala,120569.236,629225.106,1232.715,p2,2025/06/30 13:06:48
Mwondha.Sadat.Namatala,120592.629,629246.532,1233.097,p3,2025/06/30 13:08:30
Mwondha.Sadat.Namatala,120592.136,629248.354,1233.108,p4,2025/06/30 13:08:38
Mwondha.Sadat.Namatala,120599.219,629261.245,1233.050,p5,2025/06/30 13:09:17
Mwondha.Sadat.Namatala,120624.791,629243.752,1231.172,p6,2025/06/30 13:10:46
Mwondha.Sadat.Namatala,120628.489,629239.039,1230.728,p7,2025/06/30 13:11:05
Mwondha.Sadat.Namatala,120610.356,629203.922,1230.517,p8,2025/06/30 13:12:00
khayakijulietnamaiwekwe,120265.226,631627.187,1245.436,cm1old,2025/06/30 16:25:43
khayakijulietnamaiwekwe,120259.511,631647.665,1245.520,cm2,2025/06/30 16:26:48
Juliet.kakai,120291.606,631653.739,1246.593,cm3,2025/06/30 16:35:26
Juliet.kakai,120295.096,631633.066,1246.848,cm4,2025/06/30 16:37:39
Juliet.kakai,120296.497,631615.782,1247.730,p1,2025/06/30 16:38:26
Juliet.kakai,120266.896,631617.293,1245.998,p3,2025/06/30 16:40:22
Juliet.kakai,120302.799,631648.597,1247.601,cl1,2025/06/30 16:42:20
Juliet.kakai,120303.683,631619.472,1247.800,cl2,2025/06/30 16:43:12
nabendefred,116869.917,630524.616,1249.234,cm1,2025/06/30 17:37:17
nabendefred,116869.878,630524.629,1249.222,cm1e,2025/06/30 17:37:32
nabendefred,116854.494,630522.124,1249.194,cm2,2025/06/30 17:38:19
nabendefred,116857.196,630497.732,1248.688,cm3,2025/06/30 17:45:21
nabendefred,116873.034,630500.932,1248.934,cm4,2025/06/30 17:48:08
nabendefred,116811.559,630489.594,1248.349,w1,2025/06/30 17:51:56
nabendefred,116827.541,630478.365,1249.512,k1,2025/06/30 17:53:11
nabendefred,116857.129,630485.409,1248.534,k2,2025/06/30 17:54:36
nabendefred,116871.956,630488.564,1248.530,k3,2025/06/30 17:55:14
sadat,120574.929,629217.523,1232.173,cmold,2025/07/01 10:09:10
mwondhasadat,120570.595,629226.043,1232.577,cm1,2025/07/01 10:19:48
mwondhasadat,120592.730,629246.513,1233.116,cm2,2025/07/01 10:22:48
mwondhasadat,120591.663,629247.770,1233.099,cm3,2025/07/01 10:25:51
mwondhasadat,120598.866,629259.415,1233.228,tp,2025/07/01 10:26:39
mwo,120601.300,629257.039,1233.041,cm4,2025/07/01 10:34:16
mwondhasadat,120597.542,629257.838,1233.042,cm4e,2025/07/01 10:35:52
mwondhasadat,120623.660,629236.282,1231.023,tp2,2025/07/01 10:37:32
mwondhasadat,120628.567,629239.027,1230.722,tpT,2025/07/01 10:45:15
mwondhasadat,120624.961,629237.417,1230.910,cm5,2025/07/01 10:45:59
mwondhasadat,120610.335,629203.994,1230.462,4RR11458,2025/07/01 10:52:44
,118638.480,630207.790,1258.363,RTS.4.2527_shop,2025/05/22 09:52:29
,118610.179,630250.897,1259.116,RTS.4.2629.school,2025/05/22 10:00:13
,114996.598,630704.288,1262.291,p1,2025/05/22 12:11:27
,114981.962,630679.593,1261.151,p2,2025/05/22 12:14:46
,114982.723,630763.510,1263.278,p3,2025/05/22 12:32:36
,114974.729,630763.905,1263.286,p4,2025/05/22 12:34:20
,114938.189,630748.226,1262.849,p5,2025/05/22 12:36:12
,114937.744,630748.405,1262.694,p6,2025/05/22 12:36:25
,114899.942,630636.853,1260.397,p7,2025/05/22 12:50:51
George.busajja,123209.570,630225.939,1239.775,Old.pt1,2025/05/24 09:27:56
George.busajja,123241.331,630220.838,1240.138,Old.pt2,2025/05/24 09:33:52
George.busajja,123228.449,630220.032,1239.780,rd.pt,2025/05/24 09:36:31
George.busajja,123224.115,630223.751,1239.847,CM1,2025/05/24 09:40:24
George.busajja,123215.935,630176.477,1239.439,rd.pt,2025/05/24 09:42:47
George.busajja,123212.263,630178.535,1239.525,CM2,2025/05/24 09:47:12
George.busajja,123181.156,630174.391,1239.368,rd.pt,2025/05/24 09:48:41
George.busajja,123181.288,630177.690,1239.418,CM3,2025/05/24 09:48:58
George.busajja,123183.682,630192.924,1239.164,CM4,2025/05/24 09:53:19
George.busajja,123170.189,630194.714,1239.205,CM5,2025/05/24 10:05:09
George.busajja,123171.183,630202.756,1238.814,CM6,2025/05/24 10:10:04
George.busajja,123172.816,630202.601,1238.896,CM7,2025/05/24 10:14:47
George.busajja,123173.943,630209.913,1238.786,CM8,2025/05/24 10:20:09
George.busajja,123183.242,630232.916,1239.283,CMold,2025/05/24 10:23:43
George.busajja,123196.121,630229.094,1239.847,CMold1,2025/05/24 10:26:08
George.busajja,123184.215,630232.460,1238.763,CM9,2025/05/24 10:33:17
George.busajja,123183.666,630233.295,1238.601,CM10,2025/05/24 10:33:22
George.busajja,123207.410,630175.521,1239.572,rd.pt,2025/05/24 10:40:18
George.busajja,123252.347,630216.653,1239.976,pt,2025/05/24 10:41:22
pc1,121348.888,630589.031,1240.020,mayamba1,2025/05/24 15:37:57
pc1,121348.890,630589.030,1240.033,mayamba2,2025/05/24 15:38:03
pc1,121382.324,630597.316,1241.902,mayamba,2025/05/24 15:39:39
pc1,121382.320,630597.311,1241.907,mayamba1,2025/05/24 15:39:44
mayamba,121382.337,630597.312,1241.926,pc2,2025/05/24 15:40:38
mayamba,121377.537,630620.658,1241.643,pc3,2025/05/24 15:41:36
mayamba,121341.671,630610.057,1239.581,pc4,2025/05/24 15:42:23
,121343.101,630611.430,1239.345,FY_4.2604_0,2025/05/24 16:01:52
,121341.342,630611.775,1239.449,pppp,2025/05/24 16:03:12
mayamba...,121375.119,630619.047,1240.468,CM1,2025/05/24 16:53:12
mayamba...,121379.298,630596.445,1240.395,CM2,2025/05/24 16:56:25
mayamba...,121349.093,630589.096,1240.051,CM3,2025/05/24 17:06:42
mayamba...,121341.754,630611.560,1239.388,CM4,2025/05/24 17:09:49
mayamba2,121400.728,630522.220,1239.445,p,2025/05/24 17:15:36
mayamba2,121403.381,630502.799,1238.760,p1,2025/05/24 17:16:15
mayamba2,121385.765,630497.866,1237.288,p2,2025/05/24 17:17:16
mayamba2,121377.350,630514.620,1237.718,p3,2025/05/24 17:18:14
mayamba2,121377.312,630514.922,1237.666,p4,2025/05/24 17:18:17
Mayamba2.obuyonjo,121396.308,630520.658,1238.126,CM1,2025/05/24 17:37:57
Mayamba2.obuyonjo,121377.382,630514.985,1237.044,CM2,2025/05/24 17:41:24
Mayamba2.obuyonjo,121385.106,630497.390,1237.384,CM3,2025/05/24 17:45:09
Mayamba2.obuyonjo,121401.092,630502.544,1237.989,CM4,2025/05/24 17:47:48
Paul.kakidi,118945.980,620790.879,1232.208,cm1,2025/05/26 11:24:00
Paul.kakidi,118948.306,620789.947,1232.135,cm2,2025/05/26 11:24:06
Paul.kakidi,118949.715,620785.155,1232.140,cm3,2025/05/26 11:24:15
Paul.kakidi,118956.881,620756.595,1232.022,cm4,2025/05/26 11:24:45
Paul.kakidi,118959.283,620727.155,1232.035,cm5,2025/05/26 11:25:14
Paul.kakidi,118954.555,620712.639,1231.768,cm6,2025/05/26 11:25:33
Paul.kakidi,118931.243,620726.621,1231.929,cm7,2025/05/26 11:25:57
Paul.kakidi,118920.680,620730.079,1232.019,cm8,2025/05/26 11:26:10
Paul.kakidi,118919.919,620727.847,1231.875,cm9,2025/05/26 11:26:21
Paul.kakidi,118919.859,620727.930,1231.894,cm10,2025/05/26 11:26:49
Paul.kakidi,118916.043,620721.285,1231.987,cm11,2025/05/26 11:27:14
Paul.kakidi,118905.251,620701.781,1232.092,cm12,2025/05/26 11:27:39
Paul.kakidi,118900.314,620703.352,1231.970,cm13,2025/05/26 11:27:48
Paul.kakidi,118893.851,620705.233,1231.930,cm14,2025/05/26 11:27:58
Paul.kakidi,118900.197,620715.909,1231.812,cm15,2025/05/26 11:28:19
Paul.kakidi,118908.495,620732.184,1232.017,cm16,2025/05/26 11:28:38
Paul.kakidi,118897.247,620735.126,1231.883,cm17,2025/05/26 11:29:16
Paul.kakidi,118883.906,620743.690,1231.945,cm18,2025/05/26 11:29:34
Paul.kakidi,118891.450,620769.326,1231.381,cm19,2025/05/26 11:30:05
Paul.kakidi,118890.739,620769.483,1231.707,cm20,2025/05/26 11:30:24
Paul.kakidi,118891.882,620775.275,1232.634,cm21,2025/05/26 11:30:51
Paul.kakidi,118895.356,620775.159,1232.652,cm22,2025/05/26 11:31:00
Paul.kakidi,118895.470,620775.274,1232.928,cm23,2025/05/26 11:31:28
Paul.kakidi,118895.654,620775.544,1232.610,cm24,2025/05/26 11:31:38
Paul.kakidi,118907.856,620773.642,1232.850,cm25,2025/05/26 11:32:02
Paul.kakidi,118911.095,620772.532,1232.822,cm26,2025/05/26 11:32:15
Paul.kakidi,118919.052,620769.154,1232.778,cm27,2025/05/26 11:32:31
Paul.kakidi,118919.265,620768.571,1232.945,cm28,2025/05/26 11:32:36
Paul.kakidi,118924.707,620765.870,1231.826,cm29,2025/05/26 11:32:50
Paul.kakidi,118926.864,620769.507,1232.389,cm30,2025/05/26 11:33:08
Paul.kakidi,118933.247,620778.248,1232.081,cm31,2025/05/26 11:33:23
Paul.kakidi,118935.243,620780.525,1231.813,cm32,2025/05/26 11:33:50
Paul.kakidi,118942.331,620786.963,1231.738,cm33,2025/05/26 11:34:08
Paul.kakidi,118951.119,620789.951,1232.018,cl,2025/05/26 11:37:15
Paul.kakidi,118952.200,620794.119,1232.151,cl1,2025/05/26 11:37:22
Paul.kakidi,118952.885,620800.380,1232.144,cl2,2025/05/26 11:37:31
Mt.View,118399.281,620617.700,1231.927,P1,2025/05/26 12:18:30
Mt.View,118425.470,620602.449,1231.635,P2,2025/05/26 12:19:37
Mt.View,118422.796,620596.208,1231.704,P3,2025/05/26 12:19:54
Mt.View,118450.403,620581.347,1231.504,P4,2025/05/26 12:21:43
Mt.View,118456.852,620579.532,1231.123,P5,2025/05/26 12:22:04
Mt.View,118471.913,620571.564,1231.330,P6,2025/05/26 12:22:48
Mt.View,118468.446,620564.293,1231.372,P7,2025/05/26 12:23:19
Mt.View,118460.713,620554.378,1231.969,P8,2025/05/26 12:23:54
Mt.View,118456.769,620547.414,1231.209,P9,2025/05/26 12:24:32
Mt.View,118446.686,620552.579,1231.314,P10,2025/05/26 12:24:53
Mt.View,118442.473,620555.105,1231.156,P11,2025/05/26 12:25:04
Mt.View,118428.586,620563.462,1232.190,P12,2025/05/26 12:25:32
Mt.View,118416.854,620571.117,1232.380,P13,2025/05/26 12:26:07
Mt.View,118385.893,620589.516,1232.266,P14,2025/05/26 12:26:48
Mt.View,118387.304,620594.119,1232.658,P15,2025/05/26 12:27:00
Mt.View,118384.056,620595.889,1232.876,P16,2025/05/26 12:27:09
shosho,124688.526,629803.789,1265.544,P,2025/05/26 13:40:57
shosho,124686.433,629793.615,1265.302,P1,2025/05/26 13:41:45
shosho,124710.585,629789.010,1265.758,P2,2025/05/26 13:43:48
shosho,124723.375,629787.873,1265.014,P3,2025/05/26 13:45:42
shosho,124732.652,629796.359,1264.903,P4,2025/05/26 13:46:18
shosho,124733.576,629800.453,1265.210,P5,2025/05/26 13:46:38
Mabala.nei1,119156.508,632731.947,1269.241,P,2025/05/26 17:22:21
mabala2,119154.272,632749.146,1269.625,P1,2025/05/26 17:23:22
mabala2,119130.710,632752.631,1268.167,P2old,2025/05/26 17:24:14
mabala2,119102.381,632761.348,1261.153,P2old1,2025/05/26 17:25:35
mabala2,119096.690,632748.034,1261.530,P2old2,2025/05/26 17:26:36
mabala2,119090.586,632723.770,1261.604,P2old3,2025/05/26 17:27:19
mabala2,119110.040,632723.287,1264.561,P2old4,2025/05/26 17:28:43
mabala2,119112.902,632730.872,1265.031,P2old5,2025/05/26 17:29:25
mabala2,119165.008,632686.840,1269.063,pp1,2025/05/26 17:37:06
mabala2,119165.490,632685.985,1268.370,pp2,2025/05/26 17:37:26
mabala2,119160.437,632707.851,1268.055,pp3,2025/05/26 17:38:21
mabala2,119106.066,632695.148,1266.371,pp4,2025/05/26 17:39:51
mabala2,119093.779,632694.881,1263.469,pp5,2025/05/26 17:40:16
mabala2,119069.040,632694.211,1260.154,pp6,2025/05/26 17:40:53
mabala2,119005.129,632689.482,1256.538,pp7,2025/05/26 17:41:54
mabala2,119001.999,632653.815,1256.743,pp8,2025/05/26 17:42:46
mabala2,119052.610,632664.428,1258.884,pp9,2025/05/26 17:43:59
mabala2,119058.894,632667.019,1259.699,pp10,2025/05/26 17:44:12
mabala2,119093.507,632673.908,1264.226,pp11,2025/05/26 17:45:08
mabala2,119115.761,632677.234,1267.271,pp12,2025/05/26 17:46:02
mabala2,119135.821,632681.191,1269.681,pp13,2025/05/26 17:46:41
etochu.richard,114826.036,629897.555,1250.407,cm1,2025/05/27 11:01:34
etochu.richard,114855.288,629902.367,1250.777,cm2,2025/05/27 11:02:03
etochu.richard,114855.153,629919.953,1250.991,cm3,2025/05/27 11:02:25
etochu.richard,114854.563,629933.599,1251.768,cm4,2025/05/27 11:02:54
etochu.richard,114854.514,629933.665,1251.603,cm5,2025/05/27 11:03:14
etochu.richard,114894.900,629938.737,1251.220,cm6,2025/05/27 11:03:58
etochu.richard,114896.275,629933.036,1251.170,cm7,2025/05/27 11:04:10
etochu.richard,114897.936,629925.249,1251.051,cm8,2025/05/27 11:04:33
etochu.richard,114882.099,629913.451,1250.997,cm9,2025/05/27 11:05:01
etochu.richard,114873.937,629903.427,1250.827,cm10,2025/05/27 11:05:25
etochu.richard,114871.627,629901.175,1250.821,cm11,2025/05/27 11:05:42
etochu.richard,114868.563,629899.719,1250.851,cm12,2025/05/27 11:09:32
etochu.richard,114855.943,629897.850,1250.347,4rr11416,2025/05/27 11:10:10
etochu.richard,114826.559,629893.445,1250.384,4rr11417,2025/05/27 11:10:53
wokoli.simon.bugema,115419.804,630342.414,1269.659,cm1,2025/05/27 12:38:25
wokoli.simon.bugema,115380.210,630344.892,1269.366,cm2,2025/05/27 12:39:19
wokoli.simon.bugema,115379.974,630343.396,1269.630,cm3old,2025/05/27 12:39:32
wokoli.simon.bugema,115371.935,630344.002,1269.444,cm3old1,2025/05/27 12:40:10
wokoli.simon.bugema,115371.948,630349.001,1269.354,cm3old2,2025/05/27 12:41:07
wokoli.simon.bugema,115373.030,630353.199,1269.512,cm4,2025/05/27 12:41:28
wokoli.simon.bugema,115373.984,630361.381,1269.874,cm5,2025/05/27 12:42:53
wokoli.simon.bugema,115398.656,630360.004,1269.441,cm6,2025/05/27 12:43:24
wokoli.simon.bugema,115406.074,630359.048,1269.296,cm7,2025/05/27 12:43:42
wokoli.simon.bugema,115420.915,630355.861,1269.435,cm8,2025/05/27 12:44:00
wokoli.simon.bugema,115425.341,630354.589,1269.276,cl,2025/05/27 12:44:16
wokoli.simon.bugema,115424.175,630347.998,1269.238,cl1,2025/05/27 12:44:25
wokoli.simon.bugema,115423.106,630341.282,1268.920,cl2,2025/05/27 12:44:33
wokoli.simon.bugema,115421.561,630333.547,1269.073,cl3,2025/05/27 12:44:42
wokoli.simon.bugema,115421.054,630327.052,1268.831,cl4,2025/05/27 12:44:50
HilderMukhwanaBunamwaniLower,115760.047,632585.652,1320.430,CM1,2025/05/27 13:34:22
HilderMukhwanaBunamwaniLower,115765.480,632585.371,1319.930,CM2,2025/05/27 13:34:39
HilderMukhwanaBunamwaniLower,115765.488,632585.377,1319.933,CM3,2025/05/27 13:34:45
HilderMukhwanaBunamwaniLower,115777.807,632582.787,1319.205,CM5,2025/05/27 13:35:13
HilderMukhwanaBunamwaniLower,115785.219,632579.160,1320.133,CM6,2025/05/27 13:35:59
HilderMukhwanaBunamwaniLower,115786.526,632576.570,1318.524,CM7,2025/05/27 13:39:19
HilderMukhwanaBunamwaniLower,115801.039,632574.923,1322.339,CM8,2025/05/27 13:41:03
HilderMukhwanaBunamwaniLower,115803.551,632569.055,1318.825,CM9,2025/05/27 13:42:23
HilderMukhwanaBunamwaniLower,115809.464,632571.541,1311.679,CM10,2025/05/27 13:42:58
HilderMukhwanaBunamwaniLower,115818.401,632571.710,1319.047,CM11,2025/05/27 13:46:27
HilderMukhwanaBunamwaniLower,115842.642,632574.928,1317.719,CM12,2025/05/27 13:47:11
HilderMukhwanaBunamwaniLower,115841.374,632584.348,1319.265,CM13,2025/05/27 13:47:29
HilderMukhwanaBunamwaniLower,115841.960,632599.385,1322.079,CM14,2025/05/27 13:48:41
HilderMukhwanaBunamwaniLower,115839.020,632600.016,1323.239,CM15,2025/05/27 13:49:28
HilderMukhwanaBunamwaniLower,115838.044,632615.935,1323.951,CM16,2025/05/27 13:49:58
HilderMukhwanaBunamwaniLower,115837.900,632630.962,1324.958,CM17,2025/05/27 13:50:20
HilderMukhwanaBunamwaniLower,115827.904,632634.285,1325.148,CM18,2025/05/27 13:50:37
HilderMukhwanaBunamwaniLower,115827.913,632634.236,1325.168,CM19,2025/05/27 13:50:42
HilderMukhwanaBunamwaniLower,115827.209,632621.915,1323.180,CM20,2025/05/27 13:51:51
HilderMukhwanaBunamwaniLower,115823.608,632603.613,1322.184,CM21,2025/05/27 13:52:29
HilderMukhwanaBunamwaniLower,115811.497,632602.952,1322.194,CM22,2025/05/27 13:53:04
HilderMukhwanaBunamwaniLower,115812.660,632598.523,1322.124,CM23,2025/05/27 13:53:50
HilderMukhwanaBunamwaniLower,115802.468,632599.115,1323.649,CM24,2025/05/27 13:54:25
HilderMukhwanaBunamwaniLower,115793.790,632605.150,1323.367,CM25,2025/05/27 13:54:49
HilderMukhwanaBunamwaniLower,115780.399,632608.920,1323.419,CM26,2025/05/27 13:55:16
HilderMukhwanaBunamwaniLower,115764.791,632607.706,1321.922,CM27,2025/05/27 13:55:46
HilderMukhwanaBunamwaniLower,115766.502,632622.629,1322.993,CL1,2025/05/27 13:57:00
HilderMukhwanaBunamwaniLower,115761.183,632609.146,1321.099,CL2,2025/05/27 13:57:21
HilderMukhwanaBunamwaniLower,115757.974,632596.926,1319.527,CL3,2025/05/27 13:57:38
HilderMukhwanaBunamwaniLower,115756.248,632586.302,1318.537,CL4,2025/05/27 13:57:54
HilderMukhwanaBunamwaniLower,115753.640,632570.428,1316.524,CL5,2025/05/27 13:58:10
HilderMukhwanaBunamwaniLower,115767.355,632583.150,1319.163,CM4F,2025/05/27 14:21:59
wakoo.bugema,116341.100,631675.231,1262.468,cm,2025/05/27 17:00:43
wakoo.bugema,116354.994,631681.250,1260.594,cm1,2025/05/27 17:01:04
wakoo.bugema,116346.049,631702.809,1260.181,cm2,2025/05/27 17:02:23
wakoo.bugema,116332.912,631695.289,1261.859,cm3,2025/05/27 17:02:49
wakoo.bugema,116341.194,631673.380,1262.265,rd,2025/05/27 17:03:45
wakoo.bugema,116325.719,631665.510,1263.834,rd1,2025/05/27 17:04:36
wakoo.bugema,116287.631,631650.348,1266.645,rd2,2025/05/27 17:05:22
wesonga.timothy,114858.995,630256.367,1255.227,cm1,2025/05/27 17:23:06
wesonga.timothy,114848.095,630254.456,1255.978,cm2,2025/05/27 17:23:58
wesonga.timothy,114849.227,630270.826,1255.594,cm3,2025/05/27 17:25:27
wesonga.timothy,114858.779,630271.739,1255.606,cm4,2025/05/27 17:25:51
wesonga.timothy,114877.945,630283.418,1256.401,cm5,2025/05/27 17:26:39
wesonga.timothy,114882.559,630282.493,1256.681,cm6,2025/05/27 17:26:56
wesonga.timothy,114888.886,630265.394,1256.419,cm7,2025/05/27 17:27:27
wesonga.timothy,114863.584,630232.516,1255.888,rd1,2025/05/27 17:29:16
wesonga.timothy,114859.217,630231.953,1255.060,rd2,2025/05/27 17:30:20
major.issac.bugema,114872.034,630828.139,1263.449,cm1,2025/05/27 17:38:58
major.issac.bugema,114874.201,630824.307,1264.074,cm2,2025/05/27 17:39:24
major.issac.bugema,114876.840,630820.450,1264.045,cm3,2025/05/27 17:39:55
major.issac.bugema,114879.507,630812.227,1263.831,cm4,2025/05/27 17:40:17
major.issac.bugema,114884.954,630793.796,1264.168,cm5,2025/05/27 17:40:51
major.issac.bugema,114874.715,630784.293,1263.988,cm6,2025/05/27 17:41:22
major.issac.bugema,114867.767,630779.284,1263.817,cm7,2025/05/27 17:41:39
major.issac.bugema,114855.529,630781.882,1263.539,cm8,2025/05/27 17:42:05
major.issac.bugema,114854.356,630782.575,1263.424,cm9,2025/05/27 17:42:15
major.issac.bugema,114838.416,630783.459,1263.310,cm10,2025/05/27 17:42:52
major.issac.bugema,114834.410,630805.610,1263.259,cm11,2025/05/27 17:44:35
mwanj.suula,114837.682,630757.936,1262.751,cm1,2025/05/27 17:46:25
mwanj.suula,114853.117,630758.634,1262.809,cm2,2025/05/27 17:47:20
mwanj.suula,114867.063,630758.037,1263.525,cm3,2025/05/27 17:48:40
mwanj.suula,114864.749,630779.614,1263.594,cm5,2025/05/27 17:49:59
mwanj.suula,114869.485,630758.636,1263.220,cl1,2025/05/27 17:52:19
mwanj.suula,114867.913,630772.923,1263.663,cl2,2025/05/27 17:52:46
mwanj.suula,114870.748,630779.090,1263.608,cl3,2025/05/27 17:52:59
mwanj.suula,114887.562,630793.601,1263.985,cl4,2025/05/27 17:53:19
wokholi,116383.463,630029.406,1252.827,cm1,2025/05/28 08:20:54
wokholi,116384.161,630030.387,1253.547,cm2,2025/05/28 08:21:42
wokholi,116398.837,630014.124,1253.238,cm3,2025/05/28 08:22:52
wokholi,116412.510,629997.627,1252.708,cm4,2025/05/28 08:25:10
wokholi,116420.153,630004.112,1252.759,cm5,2025/05/28 08:25:44
wokholi,116411.770,630018.412,1252.922,cm6,2025/05/28 09:27:42
wokholi,116401.747,630034.051,1253.603,cm7,2025/05/28 09:29:04
wokholi,116395.268,630044.105,1252.959,4rr11419,2025/05/28 09:29:46
wokholi,116387.270,630036.593,1253.489,4rr11420,2025/05/28 09:30:07
wokholi,116384.760,630037.028,1252.400,cl,2025/05/28 09:30:36
wokholi,116381.186,630034.667,1252.630,cl1,2025/05/28 09:30:45
wokholi,116380.148,630033.660,1253.352,cl2,2025/05/28 09:30:48
wokholi,116377.827,630031.294,1253.398,cl3,2025/05/28 09:30:53
masada,117743.946,627806.874,1234.923,cmold,2025/05/28 11:59:42
masada,117743.472,627816.715,1235.026,cmold1,2025/05/28 12:00:11
masada,117743.483,627816.709,1235.021,cmold2,2025/05/28 12:00:20
masada,117745.323,627816.858,1234.971,cm1,2025/05/28 12:00:38
masada,117745.102,627830.861,1235.064,4rr119418,2025/05/28 12:02:38
masada,117762.209,627832.672,1234.634,cm2,2025/05/28 12:03:12
masada,117776.204,627837.146,1234.299,cm3,2025/05/28 12:03:36
masada,117780.020,627820.794,1234.427,cm4,2025/05/28 12:06:39
masada,117768.773,627819.049,1235.175,cm5,2025/05/28 12:08:40
masada,117737.593,627824.090,1234.953,cl,2025/05/28 12:09:21
masada,117735.420,627819.688,1235.022,cl1,2025/05/28 12:09:30
masada,117734.525,627815.872,1235.012,cl2,2025/05/28 12:09:38
Dr.white,119941.518,630432.852,1256.090,p,2025/05/28 12:50:50
Dr.white,119921.344,630475.834,1255.132,p1,2025/05/28 12:51:53
Dr.white,120002.316,630460.779,1252.408,p2,2025/05/28 12:53:56
Dr.white,119980.942,630504.537,1252.496,p3,2025/05/28 12:57:25
buwagogo,108460.889,646071.643,1346.425,t1,2025/05/29 08:59:40
buwagogo,108471.306,646050.177,1355.060,t2,2025/05/29 09:00:58
buwagogo,108476.573,646044.621,1356.318,t3,2025/05/29 09:02:25
buwagogo,108491.363,646032.257,1365.577,t4,2025/05/29 09:04:25
buwagogo,108513.405,646013.635,1371.858,t5,2025/05/29 09:05:04
buwagogo,108532.609,645994.682,1380.675,t6,2025/05/29 09:06:58
buwagogo,108546.696,645988.625,1386.794,t7,2025/05/29 09:08:15
buwagogo,108548.035,645990.950,1390.270,t8,2025/05/29 09:09:18
buwagogo,108568.030,645978.922,1397.944,t9,2025/05/29 09:10:06
buwagogo,108574.579,645976.990,1398.917,t10,2025/05/29 09:10:15
buwagogo,108583.048,645973.961,1401.411,t11,2025/05/29 09:11:07
buwagogo,108597.100,645967.713,1406.058,t12,2025/05/29 09:11:54
buwagogo,108618.614,645997.642,1408.385,t13,2025/05/29 09:13:00
buwagogo,108609.358,646001.222,1405.021,t14,2025/05/29 09:13:27
buwagogo,108596.652,646007.044,1399.206,t15,2025/05/29 09:14:02
buwagogo,108591.230,646009.704,1397.578,t16,2025/05/29 09:14:33
buwagogo,108586.698,646013.266,1394.228,ts,2025/05/29 09:15:36
buwagogo,108649.171,645796.025,1444.488,p1,2025/05/29 09:23:31
buwagogo,108656.438,645768.282,1442.883,p2,2025/05/29 09:24:18
buwagogo,108658.369,645746.729,1440.519,p3,2025/05/29 09:25:41
buwagogo,108675.735,645742.619,1448.741,p4,2025/05/29 09:26:59
buwagogo,108686.830,645740.227,1457.466,p5,2025/05/29 09:29:25
buwagogo,108705.674,645733.354,1464.567,p6,2025/05/29 09:32:02
buwagogo,108738.690,645724.836,1476.942,p7,2025/05/29 09:33:24
buwagogo,108739.664,645733.587,1477.049,p8,2025/05/29 09:33:57
buwagogo,108733.786,645751.116,1476.793,p9,2025/05/29 09:34:42
buwagogo,108726.570,645774.341,1477.106,p10,2025/05/29 09:35:24
buwagogo,108725.639,645779.332,1476.964,p11,2025/05/29 09:35:39
buwagogo,108724.037,645791.122,1477.787,p12,2025/05/29 09:36:06
buwagogo,108720.588,645803.463,1476.932,pt,2025/05/29 09:36:43
buwagogo,108723.588,645798.123,1479.492,w1,2025/05/29 09:37:47
buwagogo,108733.702,645798.795,1482.409,w2,2025/05/29 09:38:23
buwagogo,108746.111,645798.064,1487.635,w3,2025/05/29 09:39:06
buwagogo,108757.596,645797.361,1492.683,w4,2025/05/29 09:39:43
buwagogo,108775.611,645793.774,1498.488,w5,2025/05/29 09:40:26
buwagogo,108793.050,645790.702,1505.926,w6,2025/05/29 09:41:04
buwagogo,108795.307,645794.961,1506.066,w7,2025/05/29 09:41:13
buwagogo,108803.203,645798.896,1505.824,w8,2025/05/29 09:41:26
buwagogo,108796.586,645809.864,1502.667,w9,2025/05/29 09:41:52
buwagogo,108790.668,645808.007,1502.819,w10,2025/05/29 09:42:03
buwagogo,108787.908,645809.766,1501.681,w11,2025/05/29 09:42:12
buwagogo,108778.239,645819.316,1497.210,w12,2025/05/29 09:42:36
buwagogo,108775.113,645825.715,1495.816,w13,2025/05/29 09:43:59
buwagogo,108769.456,645836.273,1493.408,w14,2025/05/29 09:44:24
buwagogo,108758.685,645847.224,1491.181,w15,2025/05/29 09:44:53
buwagogo,108750.185,645852.901,1487.561,w16,2025/05/29 09:45:18
buwagogo,108739.494,645858.652,1484.307,w17,2025/05/29 09:45:37
buwagogo,108727.574,645869.740,1480.035,w18,2025/05/29 09:46:06
buwagogo,108717.074,645877.243,1475.649,w19,2025/05/29 09:46:34
buwagogo,108711.834,645879.418,1473.848,w20,2025/05/29 09:46:48
buwagogo,108710.538,645870.177,1474.219,w21,2025/05/29 09:47:01
buwagogo,108712.284,645851.610,1474.879,w22,2025/05/29 09:48:08
buwagogo,108718.121,645821.585,1477.481,w23,2025/05/29 09:49:26
buwagogo,108719.260,645806.413,1477.376,w24,2025/05/29 09:50:09
buwagogo,108720.430,645804.153,1477.600,w25,2025/05/29 09:50:21
buwagogo,108708.967,645802.591,1470.745,p13,2025/05/29 09:51:36
buwagogo,108698.372,645802.289,1465.257,p14,2025/05/29 09:52:01
buwagogo,108697.650,645800.903,1465.100,p15,2025/05/29 09:52:17
buwagogo,108683.735,645799.942,1459.583,p16,2025/05/29 09:54:11
buwagogo,108672.459,645798.598,1452.112,p17,2025/05/29 09:54:39
buwagogo,108576.396,646025.294,1385.595,t17,2025/05/29 10:02:03
buwagogo,108566.984,646035.613,1379.342,t18,2025/05/29 10:02:38
buwagogo,108571.299,646043.436,1377.974,t19,2025/05/29 10:03:10
buwagogo,108580.836,646051.117,1378.839,t20,2025/05/29 10:03:48
buwagogo,108574.992,646057.457,1377.341,t21,2025/05/29 10:04:15
buwagogo,108565.110,646065.832,1371.901,t22,2025/05/29 10:04:51
buwagogo,108555.568,646073.529,1367.481,t23,2025/05/29 10:05:50
buwagogo,108543.115,646084.479,1360.900,t24,2025/05/29 10:07:18
buwagogo,108526.945,646095.435,1348.806,t25,2025/05/29 10:09:31
,108520.769,646099.695,1347.445,t26,2025/05/29 10:12:02
,108497.060,646085.707,1346.278,t27,2025/05/29 10:12:41
,108478.977,646080.196,1345.764,t28,2025/05/29 10:13:26
,108462.917,646070.057,1347.336,t29,2025/05/29 10:15:06
bunabwire,108299.276,646574.201,1412.416,b1,2025/05/29 10:46:26
bunabwire,108297.193,646568.861,1412.546,b2,2025/05/29 10:46:44
bunabwire,108294.758,646563.664,1412.825,b3,2025/05/29 10:47:07
bunabwire,108306.153,646557.204,1408.289,b4,2025/05/29 10:47:49
bunabwire,108318.260,646547.147,1402.399,b5,2025/05/29 10:48:34
bunabwire,108324.768,646543.397,1400.187,b6,2025/05/29 10:48:56
bunabwire,108330.283,646539.000,1396.984,b7,2025/05/29 10:49:41
bunabwire,108342.489,646531.996,1393.884,b8,2025/05/29 10:50:04
bunabwire,108351.800,646537.738,1394.264,b9,2025/05/29 10:50:39
bunabwire,108356.645,646541.661,1394.333,b10,2025/05/29 10:50:58
bunabwire,108348.073,646554.024,1396.363,b11,2025/05/29 10:51:40
bunabwire,108339.642,646566.550,1399.446,b12,2025/05/29 10:52:10
bunabwire,108336.398,646573.612,1401.176,b13,2025/05/29 10:52:37
bunabwire,108329.779,646583.375,1403.451,b14,2025/05/29 10:53:01
bunabwire,108329.669,646583.472,1403.334,b15,2025/05/29 10:53:09
bunabwire,108322.474,646592.374,1405.949,b16,2025/05/29 10:53:31
bunabwire,108308.668,646599.168,1410.592,b17,2025/05/29 10:54:23
bunabwire,108301.105,646585.770,1412.984,b18,2025/05/29 10:55:33
bunabwire,108298.803,646578.988,1412.564,b19,2025/05/29 10:55:59
JoshuaMakwiMunialo,114425.901,628422.557,1243.317,CM1,2025/05/30 12:35:19
JoshuaMakwiMunialo,114417.771,628457.709,1243.476,CM2,2025/05/30 12:36:17
JoshuaMakwiMunialo,114416.787,628483.948,1243.474,CM3,2025/05/30 12:36:49
JoshuaMakwiMunialo,114413.654,628512.814,1243.777,CM4,2025/05/30 12:37:26
JoshuaMakwiMunialo,114406.672,628548.308,1243.962,CM5,2025/05/30 12:38:10
JoshuaMakwiMunialo,114403.535,628582.400,1244.399,CM6,2025/05/30 12:39:06
JoshuaMakwiMunialo,114400.549,628606.719,1244.088,CM7,2025/05/30 12:39:35
JoshuaMakwiMunialo,114400.494,628616.210,1244.376,CM8,2025/05/30 12:39:49
JoshuaMakwiMunialo,114400.039,628620.785,1245.231,RL1,2025/05/30 12:40:35
JoshuaMakwiMunialo,114383.207,628617.311,1245.296,RL2,2025/05/30 12:40:54
JoshuaMakwiMunialo,114421.543,628625.252,1245.183,RL3,2025/05/30 12:41:29
Eve.lando.Marale,116299.825,629080.611,1239.407,cmold,2025/05/30 16:26:09
Eve.lando.Marale,116295.603,629088.864,1240.257,cmold1,2025/05/30 16:33:45
Eve.lando.Marale,116290.425,629099.281,1240.467,cmold2,2025/05/30 16:34:05
Eve.lando.Marale,116286.057,629108.025,1241.885,cmold5,2025/05/30 16:35:37
Eve.lando.Marale,116288.476,629109.582,1241.452,cmold6,2025/05/30 16:36:09
Eve.lando.Marale,116288.229,629108.792,1243.658,cmold7x,2025/05/30 16:37:27
Eve.lando.Marale,116296.523,629097.019,1241.434,cmold7x1,2025/05/30 16:38:18
Eve.lando.Marale,116304.732,629101.136,1241.117,cmold7,2025/05/30 16:38:50
Eve.lando.Marale,116323.587,629111.112,1239.397,cm1,2025/05/30 16:44:45
Eve.lando.Marale,116332.068,629097.181,1237.082,cm2,2025/05/30 16:50:47
Eve.lando.Marale,116303.738,629083.012,1240.163,cm3,2025/05/30 16:52:50
Eve.lando.Marale,116293.867,629101.615,1240.000,cm4,2025/05/30 16:57:08
wenani.francis.plot1,88547.335,643801.525,1516.616,cm1,2025/05/31 10:27:55
wenani.francis.plot1,88545.854,643808.790,1515.592,cm2,2025/05/31 10:28:20
wenani.francis.plot1,88555.671,643804.217,1516.047,cm1,2025/05/31 10:31:56
wenani.francis.plot1,88553.440,643810.927,1515.026,cm2,2025/05/31 10:32:11
wenani.francis.plot1,88581.299,643820.231,1514.282,cm3,2025/05/31 10:32:44
wenani.francis.plot1,88575.754,643840.939,1512.741,cm4,2025/05/31 10:37:47
wenani.francis.plot1,88568.905,643843.509,1512.260,cm6,2025/05/31 10:53:18
wenani.francis.plot1,88529.082,643836.142,1513.124,cm7,2025/05/31 10:54:05
wenani.francis.plot1,88529.732,643828.348,1514.194,cm8,2025/05/31 10:54:27
wenani.francis.plot1,88534.893,643828.889,1514.519,cm9,2025/05/31 10:55:09
wenani.francis.plot1,88540.928,643806.361,1515.882,4rr11431,2025/05/31 10:56:07
wenani.francis.plot1,88545.663,643808.758,1515.702,cm10,2025/05/31 10:56:29
wenani.francis.plot1,88547.209,643801.458,1516.572,cm11,2025/05/31 10:56:47
wenani.francis.plot2,88577.849,644030.811,1496.227,4rr11423,2025/05/31 11:04:28
wenani.francis.plot2,88575.667,644055.291,1493.967,cm1,2025/05/31 11:06:18
wenani.francis.plot2,88568.977,644055.258,1493.791,cm2,2025/05/31 11:06:31
wenani.francis.plot2,88559.627,644056.428,1493.375,cm3,2025/05/31 11:06:52
wenani.francis.plot2,88567.316,644065.375,1492.454,cm4,2025/05/31 11:07:29
wenani.francis.plot2,88571.419,644074.274,1492.118,cm5,2025/05/31 11:07:50
wenani.francis.plot2,88575.930,644076.810,1492.239,cm6,2025/05/31 11:09:05
wenani.francis.plot2,88591.711,644080.055,1491.942,cm7,2025/05/31 11:11:39
wenani.francis.plot2,88600.798,644084.021,1493.563,cm8,2025/05/31 11:13:39
wenani.francis.plot2,88619.313,644108.654,1488.517,cm9,2025/05/31 11:14:23
wenani.francis.plot2,88628.964,644127.098,1487.618,cm10,2025/05/31 11:16:06
wenani.francis.plot2,88641.074,644133.915,1486.898,cm11,2025/05/31 11:18:04
wenani.francis.plot2,88650.116,644153.561,1484.411,cm12,2025/05/31 11:19:32
wenani.francis.plot2,88662.696,644163.089,1483.594,cm13,2025/05/31 11:22:59
wenani.francis.plot2,88677.695,644166.554,1483.199,cm14,2025/05/31 11:26:56
wenani.francis.plot2,88682.824,644172.832,1483.016,cm15,2025/05/31 11:28:22
wenani.francis.plot2,88678.828,644178.960,1481.901,cm16,2025/05/31 11:30:39
wenani.francis.plot2,88695.579,644194.172,1480.636,cm17,2025/05/31 11:31:28
wenani.francis.plot2,88697.821,644190.307,1480.500,cm18,2025/05/31 11:31:44
wenani.francis.plot2,88701.826,644181.025,1481.565,cm19,2025/05/31 11:31:59
wenani.francis.plot2,88705.046,644173.309,1483.039,cm20,2025/05/31 11:32:20
wenani.francis.plot2,88708.275,644156.149,1485.693,cm21,2025/05/31 11:32:52
wenani.francis.plot2,88712.285,644133.397,1488.323,cm22,2025/05/31 11:34:37
wenani.francis.plot2,88689.178,644128.939,1488.023,cm23,2025/05/31 11:37:52
wenani.francis.plot2,88692.133,644109.065,1491.318,cm24,2025/05/31 11:38:33
wenani.francis.plot2,88692.358,644089.905,1493.419,cm25,2025/05/31 11:39:46
wenani.francis.plot2,88664.186,644083.689,1493.137,cm26,2025/05/31 11:40:37
wenani.francis.plot2,88665.901,644061.188,1495.136,cm27,2025/05/31 11:42:38
wenani.francis.plot2,88666.522,644038.853,1496.561,cm28,2025/05/31 11:47:42
wenani.francis.plot2,88641.263,644036.713,1497.129,cm29,2025/05/31 11:48:37
wenani.francis.plot2,88612.827,644034.834,1496.291,cm30,2025/05/31 11:52:53
wenani.francis.plot3,88701.705,644211.871,1479.464,cm1,2025/05/31 11:58:38
wenani.francis.plot3,88672.953,644223.324,1485.353,cm2,2025/05/31 11:59:15
wenani.francis.plot3,88636.009,644233.085,1489.715,4rr11426,2025/05/31 12:00:21
wenani.francis.plot3,88629.450,644205.436,1490.071,cm3,2025/05/31 12:01:03
wenani.francis.plot3,88621.064,644169.167,1489.739,cm4,2025/05/31 12:02:36
wenani.francis.plot3,88606.075,644173.050,1490.464,cm5,2025/05/31 12:03:30
wenani.francis.plot3,88583.501,644181.125,1493.046,cm6,2025/05/31 12:05:19
wenani.francis.plot3,88555.001,644189.801,1496.699,cm7,2025/05/31 12:08:12
wenani.francis.plot3,88538.910,644195.082,1498.262,cm8,2025/05/31 12:09:15
wenani.francis.plot3,88533.162,644176.566,1498.947,cm9,2025/05/31 12:11:28
wenani.francis.plot3,88526.684,644155.207,1499.755,cm10,2025/05/31 12:12:12
wenani.francis.plot3,88519.739,644128.932,1499.369,cm11,2025/05/31 12:13:06
wenani.francis.plot3,88513.029,644105.700,1499.554,cm12,2025/05/31 12:14:20
wenani.francis.plot3,88509.636,644087.677,1499.633,cm13,2025/05/31 12:15:16
wenani.francis.plot3,88504.980,644066.832,1498.403,cm14,2025/05/31 12:18:26
wenani.francis.plot3,88511.096,644065.368,1498.007,cm15,2025/05/31 12:19:55
wenani.francis.plot3,88507.028,644044.134,1497.711,cm16,2025/05/31 12:21:17
wenani.francis.plot3,88499.712,644009.959,1498.901,cm17,2025/05/31 12:22:01
wenani.francis.plot3,88493.987,643987.287,1499.593,cm18,2025/05/31 12:22:38
wenani.francis.plot3,88519.810,644002.528,1497.264,cm19,2025/05/31 12:23:20
wenani.francis.plot3,88530.591,644013.054,1496.376,cm20,2025/05/31 12:23:38
wenani.francis.plot3,88502.967,644024.164,1498.959,cm21,2025/05/31 12:25:37
wenani.francis.plot3,88543.250,644036.252,1494.679,cm22,2025/05/31 12:26:21
wenani.francis.plot3,88557.582,644061.803,1493.690,cm23,2025/05/31 12:27:00
wenani.francis.plot3,88568.488,644078.975,1492.241,cm24,2025/05/31 12:27:27
wenani.francis.plot3,88584.574,644082.402,1492.242,cm25,2025/05/31 12:28:28
wenani.francis.plot3,88598.416,644090.122,1490.647,cm26,2025/05/31 12:28:52
wenani.francis.plot3,88609.863,644103.779,1489.076,cm27,2025/05/31 12:29:14
wenani.francis.plot3,88615.340,644118.862,1488.188,cm28,2025/05/31 12:29:35
wenani.francis.plot3,88628.710,644133.209,1487.293,cm29,2025/05/31 12:30:00
wenani.francis.plot3,88642.132,644151.981,1485.428,cm30,2025/05/31 12:30:40
wenani.francis.plot3,88656.176,644168.797,1483.623,cm31,2025/05/31 12:31:06
wenani.francis.plot3,88672.528,644183.047,1482.692,cm32,2025/05/31 12:31:45
wenani.francis.plot3,88689.472,644196.872,1480.668,cm33,2025/05/31 12:32:11
wenani.francis.plot4,88512.975,644208.977,1500.437,cm1,2025/05/31 12:38:07
wenani.francis.plot4,88505.929,644187.144,1501.018,cm2,2025/05/31 12:38:46
wenani.francis.plot4,88499.414,644159.582,1502.128,cm3,2025/05/31 12:39:26
wenani.francis.plot4,88489.684,644120.627,1501.939,cm4,2025/05/31 12:40:10
wenani.francis.plot4,88472.333,644125.084,1503.203,cm5,2025/05/31 12:40:33
wenani.francis.plot4,88481.052,644158.987,1503.182,cm6,2025/05/31 12:41:07
wenani.francis.plot4,88488.826,644191.448,1502.258,cm7,2025/05/31 12:41:36
wenani.francis.plot4,88493.959,644215.418,1502.236,4rr1142,2025/05/31 12:42:28
wenani.francis.plot5,88578.854,644310.820,1495.277,4rr1142-,2025/05/31 12:45:42
wenani.francis.plot5,88605.377,644329.527,1493.275,cm1,2025/05/31 12:46:22
wenani.francis.plot5,88632.952,644350.698,1490.511,cm2,2025/05/31 12:47:04
wenani.francis.plot5,88640.736,644322.659,1490.553,cm3,2025/05/31 12:47:57
wenani.francis.plot5,88621.608,644318.787,1492.337,cm4,2025/05/31 12:48:30
wenani.francis.plot5,88623.161,644290.911,1492.175,cm5,2025/05/31 12:49:02
wenani.francis.plot5,88578.601,644288.781,1495.389,cm6,2025/05/31 12:51:30
wenani.francis.plot6,88934.236,644319.387,1473.834,cm1,2025/05/31 13:01:25
wenani.francis.plot6,88942.039,644291.119,1477.046,cm2,2025/05/31 13:02:25
wenani.francis.plot6,88954.661,644253.570,1480.492,cm3,2025/05/31 13:05:38
wenani.francis.plot6,88975.943,644256.919,1480.793,cm4,2025/05/31 13:06:48
wenani.francis.plot6,89001.494,644259.671,1481.221,cm5,2025/05/31 13:13:57
wenani.francis.plot6,89023.955,644262.914,1480.776,cm6,2025/05/31 13:14:38
wenani.francis.plot6,89047.506,644263.633,1480.482,4rr1132,2025/05/31 13:24:41
wenani.francis.plot6,89053.029,644293.211,1478.302,cm7,2025/05/31 13:30:56
wenani.francis.plot6,89062.718,644328.539,1474.356,cm8,2025/05/31 13:32:21
wenani.francis.plot6,89067.079,644343.120,1474.892,cm9,2025/05/31 13:32:57
wenani.francis.plot6,89051.270,644342.968,1474.809,cm10,2025/05/31 13:33:44
wenani.francis.plot6,89029.855,644339.352,1475.234,cm11,2025/05/31 13:36:37
wenani.francis.plot6,88999.118,644335.380,1474.921,cm12,2025/05/31 13:37:41
wenani.francis.plot6,88983.441,644330.723,1474.880,cm13,2025/05/31 13:41:03
wenani.francis.plot6,88972.284,644328.921,1475.500,cm14,2025/05/31 13:42:28
wenani.francis.plot6,88952.533,644323.771,1474.638,cm15,2025/05/31 13:43:38
wenani.francis.plot7,88958.016,644245.068,1481.181,cm1,2025/05/31 13:45:20
wenani.francis.plot7,88978.712,644248.516,1481.673,cm2,2025/05/31 13:45:48
wenani.francis.plot7,89002.866,644251.375,1481.735,cm3,2025/05/31 13:46:18
wenani.francis.plot7,89026.748,644253.906,1481.678,cm4,2025/05/31 13:47:55
wenani.francis.plot7,89046.099,644255.410,1481.096,4rr11432,2025/05/31 13:49:01
wenani.francis.plot8,89027.552,644189.676,1486.363,cm1,2025/05/31 13:50:28
wenani.francis.plot8,89005.575,644190.748,1486.740,cm2,2025/05/31 13:50:54
wenani.francis.plot8,88977.290,644190.696,1486.211,cm3,2025/05/31 13:51:52
wenani.francis.plot8,88947.484,644188.909,1485.606,cm4,2025/05/31 13:52:24
wenani.francis.plot8,88949.460,644168.376,1487.370,cm5,2025/05/31 13:52:50
wenani.francis.plot8,88970.606,644169.139,1488.080,cm6,2025/05/31 13:53:21
wenani.francis.plot8,88989.835,644169.289,1488.357,cm7,2025/05/31 13:53:44
wenani.francis.plot8,89020.853,644167.025,1488.343,4rr1135,2025/05/31 13:57:39
wenani.plot9,89160.414,643874.316,1511.592,4rr11427,2025/05/31 14:09:18
wenani.plot9,89154.171,643853.363,1513.195,cm1,2025/05/31 14:12:26
wenani.plot9,89146.850,643833.832,1515.803,cm2,2025/05/31 14:13:11
wenani.plot9,89160.410,643829.232,1515.881,cm3,2025/05/31 14:14:23
wenani.plot9,89166.071,643850.345,1513.439,cm4,2025/05/31 14:14:53
wenani.plot9,89171.761,643865.845,1512.507,cm5,2025/05/31 14:15:34
,89151.477,643887.033,1510.917,cl,2025/05/31 14:17:03
LUNYOROJUSTINBUGEMA,113742.834,629761.178,1256.044,TP1,2025/06/02 11:41:40
LUNYOROJUSTINBUGEMA,113984.715,629807.297,1254.379,TP2,2025/06/02 11:48:02
LUNYOROJUSTINBUGEMA,113995.107,629778.995,1253.397,Cmold,2025/06/02 11:49:05
LUNYOROJUSTINBUGEMA,114024.373,629661.411,1252.414,TP3,2025/06/02 11:51:55
LUNYOROJUSTINBUGEMA,113967.174,629654.842,1251.794,TP4,2025/06/02 11:53:07
LUNYOROJUSTINBUGEMA,113917.147,629647.251,1253.832,TP5,2025/06/02 11:54:07
LUNYOROJUSTINBUGEMA,113838.469,629635.430,1254.060,CMOLD1,2025/06/02 11:55:45
LUNYOROJUSTINBUGEMA,113844.729,629592.702,1253.918,TP6,2025/06/02 11:56:47
LUNYOROJUSTINBUGEMA,113858.616,629532.966,1250.217,TP7,2025/06/02 11:58:00
LUNYOROJUSTINBUGEMA,113789.842,629544.874,1251.406,TP8,2025/06/02 12:00:00
LUNYOROJUSTINBUGEMA,113789.727,629527.603,1250.601,TP9,2025/06/02 12:00:40
LUNYOROJUSTINBUGEMA,113785.155,629542.967,1250.985,TP10,2025/06/02 12:01:03
LUNYOROJUSTINBUGEMA,113777.634,629597.387,1252.413,TP11,2025/06/02 12:04:11
LUNYOROJUSTINBUGEMA,113778.954,629619.023,1253.054,TP12,2025/06/02 12:04:40
LUNYOROJUSTINBUGEMA,113774.453,629618.930,1252.718,TP13,2025/06/02 12:04:46
LUNYOROJUSTINBUGEMA,113761.227,629692.083,1254.701,TP14,2025/06/02 12:05:50
LUNYOROJUSTINBUGEMA,113740.534,629760.743,1254.430,TP15,2025/06/02 12:07:04
LUNYOROJUSTINBUGEMA,113952.566,629900.954,1255.095,TP16Nei,2025/06/02 12:16:09
LUNYOROJUSTINBUGEMA,113881.283,629893.334,1253.791,TP16Nei1,2025/06/02 12:18:14
LUNYOROJUSTINBUGEMA,113857.068,629890.439,1254.072,TP16Nei2,2025/06/02 12:19:21
LUNYOROJUSTINBUGEMA,113810.471,630059.874,1256.147,TP16Nei3,2025/06/02 12:22:19
LUNYOROJUSTINBUGEMA,113786.790,630058.701,1256.303,TP16Nei4,2025/06/02 12:22:47
kamedde,119635.359,632324.599,1255.110,cm1,2025/06/03 11:47:34
kamedde,119636.226,632297.812,1254.335,cm2,2025/06/03 11:49:27
kamedde,119637.824,632278.767,1254.322,cm3,2025/06/03 11:50:24
kamedde,119608.302,632277.812,1260.055,cm4,2025/06/03 11:52:06
kamedde,119603.887,632302.344,1255.310,cm5,2025/06/03 11:52:59
kamedde,119602.731,632302.231,1255.336,cm6,2025/06/03 11:53:14
kamedde,119598.936,632323.620,1255.903,cm8,2025/06/03 11:54:34
Alvco,118486.380,630256.717,1254.595,CM112,2025/06/04 10:25:45
Jane.mayeku,109775.482,630999.571,1311.908,cm1,2025/06/04 17:01:30
Jane.mayeku,109775.459,630999.594,1311.953,cm2,2025/06/04 17:01:38
Jane.mayeku,109746.836,630995.200,1313.099,cm3,2025/06/04 17:02:43
Jane.mayeku,109749.565,630978.083,1313.205,cm4,2025/06/04 17:03:02
Jane.mayeku,109775.212,630981.601,1312.088,cm5,2025/06/04 17:03:31
Jane.mayeku,109779.642,630978.511,1311.703,cl1,2025/06/04 17:03:51
Jane.mayeku,109779.881,630987.386,1311.488,cl2,2025/06/04 17:04:02
Jane.mayeku,109779.893,631001.258,1311.178,cl3,2025/06/04 17:04:16
Jane.mayeku,109779.911,631012.177,1311.046,cl4,2025/06/04 17:04:28
Jane.mayeku,109779.681,631017.048,1310.962,cl5,2025/06/04 17:04:35
jane.mayeku,109679.982,630979.981,1317.579,cm1old1,2025/06/04 17:12:46
jane.mayeku,109641.530,630973.896,1317.777,cm1old2,2025/06/04 17:18:14
bumbobi,109722.703,630182.820,1295.233,k1,2025/06/04 17:47:16
bumbobi,109721.596,630182.611,1295.270,k2,2025/06/04 17:47:24
bumbobi,109755.576,630156.508,1295.070,s1,2025/06/04 17:53:28
wenani.francis,109759.142,630211.382,1296.145,cm1,2025/06/05 09:05:09
wenani.francis,109738.954,630214.499,1295.795,cm2,2025/06/05 09:11:57
wenani.francis,109732.064,630192.411,1295.426,cm3,2025/06/05 09:17:40
wenani.francis,109761.107,630170.671,1294.869,cm4,2025/06/05 09:19:33
,109763.110,630209.226,1295.660,cl,2025/06/05 09:21:50
,109763.253,630190.520,1295.066,cl1,2025/06/05 09:22:10
,109765.241,630170.602,1294.675,cl2,2025/06/05 09:22:31
,109765.676,630160.501,1294.685,cl3,2025/06/05 09:22:44
,109763.751,630157.530,1294.878,cl4,2025/06/05 09:22:52
,109762.167,630155.994,1295.005,cl5,2025/06/05 09:23:01
,109756.377,630161.684,1295.045,cl6,2025/06/05 09:23:15
,109726.142,630184.394,1295.577,cl7,2025/06/05 09:23:54
immaculatewamono,106788.179,644251.693,1355.406,Cm1,2025/06/06 14:21:00
immaculatewamono,106810.125,644242.293,1359.036,Cm2,2025/06/06 14:21:36
immaculatewamono,106805.120,644245.247,1357.820,Cm3,2025/06/06 14:27:41
imwam,106797.461,644248.400,1356.738,CM113,2025/06/06 14:41:07
imwam,106805.115,644245.220,1357.820,CM5,2025/06/06 14:44:50
Immaculatewamoni,106837.108,644230.301,1362.724,X,2025/06/06 14:51:58
Immaculatewamoni,106843.768,644227.861,1363.959,y,2025/06/06 14:52:33
Immaculatewamoni,106855.549,644219.392,1365.833,z,2025/06/06 14:53:55
Immaculatewamoni,106710.458,644290.781,1339.158,cm48,2025/06/06 15:02:03
Immaculatewamoni,106707.291,644287.576,1344.800,cm49,2025/06/06 15:06:52
GugaBwayoButiruCol,91733.657,642966.563,1381.778,CM1,2025/06/08 14:31:51
GugaBwayoButiruCol,91704.700,643002.241,1381.419,CM2,2025/06/08 14:33:13
GugaBwayoButiruCol,91684.603,643037.209,1382.015,CM3,2025/06/08 14:34:29
GugaBwayoButiruCol,91668.276,643055.024,1381.326,CM4,2025/06/08 14:43:33
GugaBwayoButiruCol,91662.017,643027.770,1380.809,CM5,2025/06/08 14:44:17
GugaBwayoButiruCol,91691.105,642978.583,1380.912,CM6,2025/06/08 14:45:38
GugaBwayoButiruCol,91712.103,642945.271,1380.927,CM7,2025/06/08 14:46:56
GugaBwayoButiruCol,91733.776,642966.764,1381.438,CK1,2025/06/08 16:38:02
GugaBwayoButiruCol,91712.313,642945.358,1380.625,CK2,2025/06/08 16:38:34
GugaBwayoButiruCol,91699.995,642963.650,1380.698,CK3,2025/06/08 16:39:00
GugaBwayoButiruCol,91685.902,642988.021,1380.738,CK4,2025/06/08 16:39:36
GugaBwayoButiruCol,91673.213,643009.810,1379.980,CK5,2025/06/08 16:40:35
GugaBwayoButiruCol,91662.035,643027.729,1379.942,CK6,2025/06/08 16:40:59
GugaBwayoButiruCol,91668.341,643055.021,1380.457,CK7,2025/06/08 16:41:26
GugaBwayoButiruCol,91684.642,643037.268,1381.199,CK8,2025/06/08 16:41:50
GugaBwayoButiruCol,91691.232,643026.927,1380.455,CK9,2025/06/08 16:42:12
GugaBwayoButiruCol,91704.990,643002.283,1380.486,CK10,2025/06/08 16:42:44
GugaBwayoButiruCol,91719.103,642984.251,1380.678,CK11,2025/06/08 16:43:11
GugaBwayoButiruCol,91740.538,642963.050,1380.971,cl,2025/06/08 16:44:07
GugaBwayoButiruCol,91736.029,642968.091,1380.873,cl1,2025/06/08 16:44:27
GugaBwayoButiruCol,91721.068,642986.027,1380.801,cl2,2025/06/08 16:44:48
GugaBwayoButiruCol,91707.523,643003.442,1380.659,cl3,2025/06/08 16:45:16
GugaBwayoButiruCol,91686.683,643038.691,1380.933,cl4,2025/06/08 16:45:55
GugaBwayoButiruCol,91670.958,643056.926,1380.288,cl5,2025/06/08 16:46:20
GugaBwayoButiruCol,91663.131,643067.327,1380.259,cl6,2025/06/08 16:46:36
GugaBwayoButiruCol,91737.233,642971.822,1380.743,chhhh1,2025/06/08 16:50:28
GugaBwayoButiruCol,91774.929,643015.291,1380.734,chhhh2,2025/06/08 16:51:40
GugaBwayoButiruCol,91811.411,643064.778,1379.010,chhhh3,2025/06/08 16:52:35
GugaBwayoButiruCol,91856.450,643124.029,1376.845,chhhh4,2025/06/08 16:53:42
GugaBwayoButiruCol,91777.723,643211.575,1377.515,chhhh5,2025/06/08 16:55:50
GugaBwayoButiruCol,91796.925,643234.438,1376.209,chhhh6,2025/06/08 16:56:32
GugaBwayoButiruCol,91785.339,643246.332,1377.544,chhhh7,2025/06/08 16:56:50
GugaBwayoButiruCol,91768.078,643264.735,1377.619,chhhh8,2025/06/08 16:57:31
GugaBwayoButiruCol,91751.552,643241.969,1378.184,chhhh9,2025/06/08 16:59:03
GugaBwayoButiruCol,91726.674,643203.735,1379.399,chhhh10,2025/06/08 17:00:12
GugaBwayoButiruCol,91816.185,643098.465,1378.145,chhhh11,2025/06/08 17:03:06
GugaBwayoButiruCol,91759.943,643033.251,1380.463,chhhh12,2025/06/08 17:05:15
GugaBwayoButiruCol,91741.166,643013.581,1380.622,chhhh13,2025/06/08 17:05:56
GugaBwayoButiruCol,91719.062,642991.918,1380.331,chhhh15,2025/06/08 17:09:18
ADEMUN.ANN.GRACE.Kachumbala,134176.138,624933.804,1291.523,cm1,2025/06/09 11:24:29
ADEMUN.ANN.GRACE.Kachumbala,134181.980,624964.995,1290.961,cm2,2025/06/09 11:26:43
ADEMUN.ANN.GRACE.Kachumbala,134189.879,624988.934,1290.157,cm3,2025/06/09 11:28:11
ADEMUN.ANN.GRACE.Kachumbala,134189.844,624988.944,1290.111,cmold,2025/06/09 11:28:44
ADEMUN.ANN.GRACE.Kachumbala,134203.423,624986.712,1289.862,cmr,2025/06/09 11:30:23
ADEMUN.ANN.GRACE.Kachumbala,134199.125,624987.524,1289.683,cmr1,2025/06/09 11:30:46
ADEMUN.ANN.GRACE.Kachumbala,134194.901,624975.103,1289.967,cmr2,2025/06/09 11:31:00
ADEMUN.ANN.GRACE.Kachumbala,134197.758,624972.331,1290.224,cmr3,2025/06/09 11:31:09
ADEMUN.ANN.GRACE.Kachumbala,134198.536,624962.058,1291.135,cmp,2025/06/09 11:32:00
ADEMUN.ANN.GRACE.Kachumbala,134196.760,624952.226,1291.192,cmp1,2025/06/09 11:32:27
ADEMUN.ANN.GRACE.Kachumbala,134197.335,624950.796,1291.068,cmold2,2025/06/09 11:32:55
ADEMUN.ANN.GRACE.Kachumbala,134199.752,624948.720,1291.230,cmold3,2025/06/09 11:33:07
ADEMUN.ANN.GRACE.Kachumbala,134208.983,624943.161,1291.293,cmp3,2025/06/09 11:34:36
ADEMUN.ANN.GRACE.Kachumbala,134204.157,624931.715,1291.551,cmol4,2025/06/09 11:35:27
ADEMUN.ANN.GRACE.Kachumbala,134195.855,624922.108,1291.760,cmp6,2025/06/09 11:36:27
ADEMUN.ANN.GRACE.Kachumbala,134199.491,624929.104,1291.676,cmrr,2025/06/09 11:37:15
ADEMUN.ANN.GRACE.Kachumbala,134195.529,624928.092,1291.503,cmrr1,2025/06/09 11:37:30
ADEMUN.ANN.GRACE.Kachumbala,134174.650,624931.056,1291.229,cmrf,2025/06/09 11:38:03
grac.neib,134197.443,624920.713,1292.073,f1,2025/06/09 12:12:48
grac.neib,134199.521,624918.437,1292.304,f2,2025/06/09 12:13:10
grac.neib,134202.170,624919.460,1292.230,p,2025/06/09 12:13:46
grac.neib,134195.887,624889.687,1292.659,f4,2025/06/09 12:14:47
grac.neib,134170.401,624823.072,1296.005,f5,2025/06/09 12:18:33
grac.neib,134139.577,624756.322,1297.599,pp1cl,2025/06/09 12:22:27
,134094.231,624790.276,1297.745,pp1cl1,2025/06/09 12:24:11
,134106.818,624802.058,1296.909,pp1cl2,2025/06/09 12:25:45
,134149.304,624772.940,1297.517,pp1,2025/06/09 12:28:29
,134149.288,624772.909,1297.519,pp2,2025/06/09 12:28:34
Nangosya-Eric,124257.651,631521.219,1260.311,4RR11444,2025/06/09 17:44:26
Nangosya-Eric,124257.709,631521.244,1260.317,4RR11444,2025/06/09 17:45:26
Nangosya-Eric,124248.676,631515.918,1260.294,CM1,2025/06/09 17:45:53
Nangosya-Eric,124242.011,631511.516,1260.216,CM2,2025/06/09 17:46:11
Nangosya-Eric,124235.404,631521.986,1260.351,CM3,2025/06/09 17:46:35
Nangosya-Eric,124232.320,631519.965,1259.980,CM4,2025/06/09 17:46:47
Nangosya-Eric,124232.238,631519.971,1260.182,CM5,2025/06/09 17:47:11
Nangosya-Eric,124226.789,631528.724,1260.513,CM6,2025/06/09 17:48:10
Nangosya-Eric,124230.560,631531.448,1260.632,CM7,2025/06/09 17:48:24
Nangosya-Eric,124244.688,631540.135,1260.725,CM8,2025/06/09 17:48:52
Nangosya-Eric,124248.555,631542.706,1260.793,CM9,2025/06/09 17:49:23
Nangosya-Eric,124250.539,631540.456,1260.825,CM10,2025/06/09 17:50:21
Nangosya-Eric,124250.540,631540.441,1260.829,CM10,2025/06/09 17:53:16
Nangosya-Eric,124261.659,631518.999,1260.652,CL1,2025/06/09 17:54:36
Nangosya-Eric,124257.428,631530.789,1260.707,CL2,2025/06/09 17:55:04
Nangosya-Eric,124251.611,631546.314,1260.737,CL3,2025/06/09 17:55:22
Nangosya-Eric,124254.860,631529.675,1259.517,4RR114444,2025/06/09 18:23:03
Nangosya-Eric,124258.614,631521.668,1259.481,4RR11444,2025/06/09 18:23:31
Nangosya-Eric,124255.260,631531.932,1259.576,Cm11,2025/06/09 18:23:59
Nangosya-Eric,124250.533,631540.432,1259.691,Cm10,2025/06/09 18:24:39
Nangosya-Eric,124248.609,631542.696,1259.683,Cm9,2025/06/09 18:24:57
Laeticiamalukhu,118614.142,630260.697,1259.629,chhhh16,2025/06/11 12:08:14
Laeticiamalukhu,118614.205,630258.628,1259.794,CM1,2025/06/11 12:10:00
Laeticiamalukhu,118620.186,630250.492,1259.567,CM2,2025/06/11 12:10:20
Laeticiamalukhu,118611.464,630243.783,1259.305,CM3,2025/06/11 12:10:40
Laeticiamalukhu,118605.180,630255.905,1259.923,CM4,2025/06/11 12:11:20
Julius.Wesaka.Nauyo,116202.257,632089.227,1271.461,p,2025/06/14 15:19:41
Julius.Wesaka.Nauyo,116210.335,632092.319,1271.947,p1,2025/06/14 15:20:23
Julius.Wesaka.Nauyo,116207.196,632100.990,1271.410,p2,2025/06/14 15:21:44
Julius.Wesaka.Nauyo,116206.398,632105.258,1271.209,p3,2025/06/14 15:22:03
Julius.Wesaka.Nauyo,116203.914,632115.698,1271.702,p4,2025/06/14 15:22:22
Julius.Wesaka.Nauyo,116177.772,632107.113,1272.452,p5,2025/06/14 15:23:47
Julius.Wesaka.Nauyo,116178.801,632102.272,1272.255,p6,2025/06/14 15:23:58
Julius.Wesaka.Nauyo,116193.914,632108.483,1272.040,p7,2025/06/14 15:24:20
Wekosese.Michael.Busiu.bunambutye,100478.068,631181.027,1305.463,1,2025/06/14 16:37:09
Wekosese.Michael.Busiu.bunambutye,100466.620,631159.854,1306.433,2,2025/06/14 16:39:06
Wekosese.Michael.Busiu.bunambutye,100452.423,631145.512,1308.211,3,2025/06/14 16:40:45
Wekosese.Michael.Busiu.bunambutye,100443.437,631138.539,1308.504,4,2025/06/14 16:42:27
Wekosese.Michael.Busiu.bunambutye,100416.964,631116.321,1310.202,5,2025/06/14 16:44:18
Wekosese.Michael.Busiu.bunambutye,100399.721,631104.757,1312.175,6,2025/06/14 16:49:45
Wekosese.Michael.Busiu.bunambutye,100373.041,631085.001,1314.601,8,2025/06/14 16:51:52
Wekosese.Michael.Busiu.bunambutye,100366.146,631081.592,1314.989,9,2025/06/14 16:52:51
Wekosese.Michael.Busiu.bunambutye,100399.703,631104.709,1312.216,7,2025/06/14 16:54:34
Wekosese.Michael.Busiu.bunambutye,100359.647,631076.377,1315.486,10,2025/06/14 16:55:44
Wekosese.Michael.Busiu.bunambutye,100318.751,631042.009,1318.652,11,2025/06/14 16:58:39
Wekosese.Michael.Busiu.bunambutye,100294.122,631075.608,1321.626,12,2025/06/14 17:04:20
Wekosese.Michael.Busiu.bunambutye,100280.077,631095.429,1320.093,13,2025/06/14 17:05:12
Wekosese.Michael.Busiu.bunambutye,100245.454,631140.215,1321.561,14,2025/06/14 17:07:09
Wekosese.Michael.Busiu.bunambutye,100262.555,631161.367,1320.071,15x,2025/06/14 17:08:27
Wekosese.Michael.Busiu.bunambutye,100272.074,631175.714,1319.489,16,2025/06/14 17:10:07
Wekosese.Michael.Busiu.bunambutye,100291.313,631207.761,1317.351,17,2025/06/14 17:15:00
Wekosese.Michael.Busiu.bunambutye,100305.827,631228.692,1315.213,18,2025/06/14 17:19:06
Wekosese.Michael.Busiu.bunambutye,100350.243,631282.740,1312.619,19,2025/06/14 17:35:25
Katami_and_Matia,103153.592,631750.023,1265.458,1,2025/06/14 18:31:21
Katami_and_Matia,103130.846,631739.122,1264.387,2,2025/06/14 18:35:26
Katami_and_Matia,103154.624,631695.249,1264.278,3,2025/06/14 18:42:07
Katami_and_Matia,103176.181,631707.250,1265.137,4,2025/06/14 18:47:55
Wemesa_Keneth_Busiu,100905.868,630393.999,1317.198,Pt1,2025/06/15 16:02:27
Wemesa_Keneth_Busiu,100912.537,630384.048,1317.715,Pt2,2025/06/15 16:02:52
Wemesa_Keneth_Busiu,100900.285,630408.197,1316.989,Pt3,2025/06/15 16:03:29
Wemesa_Keneth_Busiu,100931.866,630365.130,1316.450,4RR11446,2025/06/15 17:26:38
Wemesa_Keneth_Busiu,100941.334,630379.599,1315.439,cm1,2025/06/15 17:28:15
Wemesa_Keneth_Busiu,100951.828,630391.875,1314.350,cm2,2025/06/15 17:29:08
Wemesa_Keneth_Busiu,100923.552,630431.633,1314.996,cm3,2025/06/15 17:30:53
Wemesa_Keneth_Busiu,100910.933,630450.941,1316.472,cm4,2025/06/15 17:33:48
Wemesa_Keneth_Busiu,100910.843,630450.801,1316.412,cm4f,2025/06/15 17:34:15
Wemesa_Keneth_Busiu,100901.500,630464.978,1318.567,cm5,2025/06/15 17:35:20
Wemesa_Keneth_Busiu,100888.554,630458.846,1318.166,cm6,2025/06/15 17:37:26
Wemesa_Keneth_Busiu,100875.141,630454.010,1319.719,cm7,2025/06/15 17:39:02
Wemesa_Keneth_Busiu,100871.590,630451.302,1321.359,cm8,2025/06/15 17:40:56
Wemesa_Keneth_Busiu,100882.777,630431.980,1318.353,cm9,2025/06/15 17:41:34
Wemesa_Keneth_Busiu,100898.931,630404.697,1317.396,cm10,2025/06/15 17:43:19
Wemesa_Keneth_Busiu,100910.822,630386.330,1317.937,cm11,2025/06/15 17:44:08
Wemesa_Keneth_Busiu,100905.559,630392.705,1317.524,cl,2025/06/15 17:44:39
Wemesa_Keneth_Busiu,100904.203,630386.065,1318.220,cl1,2025/06/15 17:44:52
Wemesa_Keneth_Busiu,100902.032,630376.903,1318.518,cl2,2025/06/15 17:45:04
Machika.Micheal.Kla.road,121245.093,629852.360,1234.375,C1,2025/06/16 13:08:27
Machika.Micheal.Kla.road,121240.515,629853.394,1234.451,C2,2025/06/16 13:09:46
,121243.562,629864.535,1234.485,Cold,2025/06/16 13:15:37
,121249.326,629862.087,1234.027,C.s1,2025/06/16 13:36:20
,121248.670,629862.411,1234.051,C.s2,2025/06/16 13:36:44
wenani.francis,88545.609,643808.844,1515.798,cm1,2025/06/16 17:34:36
wenani.francis,88553.215,643811.029,1515.408,cm2,2025/06/16 17:34:50
wenanifrancis4,88578.064,644288.801,1495.145,p1,2025/06/16 17:53:32
wenanifrancis4,88578.305,644310.727,1495.030,4rr11424,2025/06/16 17:54:37
Opolot.Sakibu,126338.982,629889.104,1282.849,Cmold1,2025/06/17 12:52:44
Opolot.Sakibu,126340.235,629898.209,1283.153,Cmold2,2025/06/17 12:56:26
Opolot.Sakibu,126324.247,629899.305,1282.851,Cmold3,2025/06/17 12:57:09
Opolot.Sakibu,126323.540,629896.806,1282.861,Cmold4,2025/06/17 12:57:20
Opolot.Sakibu,126319.717,629897.202,1282.550,Cmold5,2025/06/17 12:57:39
Opolot.Sakibu,126318.924,629891.007,1282.282,Cmold6,2025/06/17 12:58:22
Opolot.Sakibu,126319.219,629891.162,1282.300,Cmold7,2025/06/17 12:59:13
Opolot.Sakibu,126337.284,629868.791,1281.858,Cmold8,2025/06/17 13:07:08
Opolot.Sakibu,126339.707,629897.792,1282.487,Cm2,2025/06/17 13:21:15
Opolot.Sakibu.naloke,126339.007,629889.038,1282.777,1,2025/06/17 13:41:56
Opolot.Sakibu.naloke,126340.013,629898.131,1283.169,2,2025/06/17 13:42:18
Opolot.Sakibu.naloke,126340.437,629898.149,1283.372,z1,2025/06/17 13:42:36
Opolot.Sakibu.naloke,126324.372,629899.210,1282.667,3,2025/06/17 13:44:27
Opolot.Sakibu.naloke,126323.600,629896.599,1282.661,4,2025/06/17 13:44:39
Opolot.Sakibu.naloke,126320.322,629896.959,1282.123,5,2025/06/17 13:44:57
Opolot.Sakibu.naloke,126319.799,629897.085,1282.349,z2,2025/06/17 13:45:30
Opolot.Sakibu.naloke,126319.212,629890.929,1282.298,6,2025/06/17 13:46:10
opolot.sakibu,126337.618,629869.152,1282.609,z3,2025/06/17 13:48:32
Kampala.road,121272.432,630413.232,1236.098,z11,2025/06/17 16:35:36
Kampala.road,121290.676,630422.711,1235.830,z12,2025/06/17 16:36:33
Kampala.road,121290.920,630413.266,1235.551,z13,2025/06/17 16:37:06
,111596.900,628021.579,1245.394,Alv,2025/06/18 10:00:53
busiu,101637.045,629036.758,1303.420,cmold1,2025/06/20 12:45:11
busiu,101685.456,629011.132,1302.687,cmold2,2025/06/20 12:49:46
busiu,101686.405,629034.274,1303.813,cmold4,2025/06/20 12:53:07
busiu,101634.546,629036.868,1303.452,cmold5,2025/06/20 12:56:37
busiu,101619.523,629037.867,1303.233,cmold6,2025/06/20 12:56:59
busiu,101617.530,629014.160,1302.012,cmold7,2025/06/20 12:58:54
busiu,101632.742,629012.600,1302.301,cmold8,2025/06/20 13:00:20
busiu,101634.527,629036.528,1303.289,cmold9n,2025/06/20 13:01:48
busiu,101619.291,629037.552,1302.360,cmold9n1,2025/06/20 13:09:03
busiu,101617.104,629013.866,1301.507,cmold9n2,2025/06/20 13:12:27
busiu,101632.730,629012.597,1301.581,cmold9n3,2025/06/20 13:14:20
busiu,101633.513,629024.532,1302.948,h1,2025/06/20 13:16:56
busiu,101634.454,629036.610,1303.003,h2,2025/06/20 13:17:26
busiu,101619.789,629037.664,1302.861,h3,2025/06/20 13:17:46
busiu,101617.490,629024.859,1303.307,h4,2025/06/20 13:18:35
busiu,101620.571,629010.680,1302.296,cl,2025/06/20 13:18:58
busiu,101631.877,629009.200,1302.381,cl1,2025/06/20 13:19:11
busiu,101645.336,629008.671,1302.594,cl2,2025/06/20 13:19:25
busiu,101664.871,629006.984,1302.605,cl3,2025/06/20 13:19:44
busiu,101685.426,629006.287,1304.385,cl4,2025/06/20 13:20:08
busiu,101686.406,629034.567,1303.746,cmold2n,2025/06/20 13:21:05
busiu,101637.026,629036.790,1303.503,cmold2n1,2025/06/20 13:22:25
busiu,101685.548,629011.028,1302.817,cmold3n,2025/06/20 13:30:56
busiu,101642.261,629072.642,1303.459,p1,2025/06/20 13:38:01
Mayamba.Michael.kasanvu,121418.586,632519.624,1281.863,pp,2025/06/21 11:27:56
Mayamba.Michael.kasanvu,121380.138,632506.877,1279.696,pp1,2025/06/21 11:29:12
Mayamba.Michael.kasanvu,121383.368,632486.781,1279.812,pp2,2025/06/21 11:29:50
Mayamba.Michael.kasanvu,121407.245,632492.376,1280.863,pp3,2025/06/21 11:30:20
Mayamba.Michael.kasanvu,121425.648,632501.302,1281.526,pp4,2025/06/21 11:30:46
Mayamba.Michael.kasanvu,121422.600,632521.316,1281.477,p,2025/06/21 11:39:27
Mayamba.Michael.kasanvu,121417.097,632519.132,1280.905,cm1,2025/06/21 11:44:02
Mayamba.Michael.kasanvu,121395.276,632511.146,1280.823,cm2p,2025/06/21 11:46:22
Mayamba.Michael.kasanvu,121381.984,632506.904,1279.117,cm2,2025/06/21 11:51:36
Mayamba.Michael.kasanvu,121381.204,632500.411,1279.041,cm3,2025/06/21 11:54:58
Mayamba.Michael.kasanvu,121383.308,632485.753,1280.678,cm4,2025/06/21 11:59:08
Mayamba.Michael.kasanvu,121408.106,632492.611,1280.518,cm5p,2025/06/21 12:00:01
Mayamba.Michael.kasanvu,121432.239,632501.187,1281.662,p,2025/06/21 12:00:44
Mayamba.Michael.kasanvu,121425.788,632499.974,1281.138,cm6,2025/06/21 12:08:01
wosh.namabasa,125563.675,627385.962,1277.810,p,2025/06/21 13:48:27
wosh.namabasa,125563.654,627385.941,1277.885,p1a,2025/06/21 13:48:37
wosh.namabasa,125570.118,627383.549,1278.982,p2,2025/06/21 13:49:02
wosh.namabasa,125572.422,627383.907,1278.800,p3,2025/06/21 13:49:18
wosh.namabasa,125574.194,627382.613,1278.423,p4,2025/06/21 13:49:27
wosh.namabasa,125579.760,627361.657,1276.772,p5,2025/06/21 13:49:49
wosh.namabasa,125579.293,627327.799,1275.643,p6,2025/06/21 13:50:25
wosh.namabasa,125565.984,627310.794,1274.957,p7,2025/06/21 13:50:46
wosh.namabasa,125544.925,627289.627,1273.806,p8,2025/06/21 13:51:11
wosh.namabasa,125523.475,627267.339,1273.189,p9r,2025/06/21 13:51:35
wosh.namabasa,125486.623,627291.977,1272.864,p9r1,2025/06/21 13:52:15
wosh.namabasa,125492.661,627300.307,1272.745,p9,2025/06/21 13:52:30
wosh.namabasa,125497.027,627307.887,1273.007,p10,2025/06/21 13:52:42
wosh.namabasa,125507.154,627325.003,1273.958,p11,2025/06/21 13:53:10
wosh.namabasa,125511.049,627332.421,1274.115,p12,2025/06/21 13:53:30
wosh.namabasa,125521.522,627328.745,1274.522,p13,2025/06/21 13:53:53
wosh.namabasa,125525.913,627337.617,1274.637,p14,2025/06/21 13:54:09
wosh.namabasa,125515.302,627342.096,1274.293,p15,2025/06/21 13:54:24
wosh.namabasa,125521.347,627352.407,1275.667,p16,2025/06/21 13:54:43
wosh.namabasa,125527.831,627364.056,1275.438,p17,2025/06/21 13:55:03
wosh.namabasa,125532.782,627370.067,1275.707,p18,2025/06/21 13:55:16
wosh.namabasa,125541.937,627391.779,1276.344,p19,2025/06/21 13:55:41
wosh.namabasa,125552.281,627389.366,1276.398,p20,2025/06/21 13:56:12
wosh.namabasa,125537.814,627415.473,1276.325,p21,2025/06/21 13:56:57
fred,127305.516,646277.666,1498.066,p1,2025/06/23 12:47:58
fred,127322.343,646284.058,1498.401,p2,2025/06/23 12:49:50
fred,127347.943,646291.074,1499.501,p3,2025/06/23 12:51:14
fred,127340.906,646303.097,1502.264,p4,2025/06/23 12:52:20
fred,127368.993,646318.266,1500.031,p5,2025/06/23 12:53:52
fred,127382.099,646293.685,1493.983,p6,2025/06/23 12:55:54
fred,127377.230,646276.366,1489.926,p11,2025/06/23 13:11:17
fred,127383.209,646263.286,1489.299,p13,2025/06/23 13:12:25
fred,127381.533,646254.509,1488.210,p14,2025/06/23 13:12:46
fred,127400.744,646235.800,1484.177,p15,2025/06/23 13:14:13
fred,127393.293,646219.562,1484.264,p16,2025/06/23 13:14:56
fred,127396.286,646218.411,1484.264,p18,2025/06/23 13:15:51
fred,127394.705,646214.203,1484.200,p19,2025/06/23 13:16:46
fred,127391.650,646202.082,1484.140,p20,2025/06/23 13:17:37
fred,127377.280,646181.369,1484.819,p23,2025/06/23 13:21:15
fred,127377.220,646165.523,1483.263,p24,2025/06/23 13:21:58
fred,127375.978,646163.707,1483.383,p25,2025/06/23 13:22:06
fred,127382.268,646133.998,1486.956,p26,2025/06/23 13:23:08
fred,127369.200,646128.302,1488.000,p27,2025/06/23 13:23:42
fred,127361.417,646144.367,1488.792,p28,2025/06/23 13:24:28
fred,127345.600,646172.052,1484.009,p29,2025/06/23 13:25:23
fred,127318.696,646163.609,1495.033,p30,2025/06/23 13:26:50
fred,127315.066,646148.850,1491.674,p31,2025/06/23 13:28:10
fred,127313.143,646134.249,1493.435,p32,2025/06/23 13:28:48
fred,127300.499,646128.834,1496.358,p33,2025/06/23 13:31:57
fred,127299.848,646164.385,1495.465,p34,2025/06/23 13:32:41
fred,127318.228,646169.302,1496.742,p35,2025/06/23 13:33:51
fred,127312.561,646189.496,1493.561,p37,2025/06/23 13:34:35
fred,127309.746,646194.114,1493.278,p38,2025/06/23 13:35:03
fred,127303.402,646193.318,1493.894,p40,2025/06/23 13:35:34
fred,127302.968,646199.821,1493.824,p41,2025/06/23 13:35:53
fred,127314.372,646224.222,1493.814,p44,2025/06/23 13:39:43
fred,127303.689,646232.004,1494.493,p45,2025/06/23 13:40:48
fred,127303.089,646236.908,1494.710,p46,2025/06/23 13:41:01
fred,127306.593,646260.052,1495.898,p47,2025/06/23 13:41:33
fred,127384.205,646323.636,1499.243,p1,2025/06/23 13:44:02
fred2,127399.696,646335.662,1500.451,p3,2025/06/23 13:47:14
fred2,127403.235,646326.466,1498.523,p4,2025/06/23 13:48:01
fred2,127442.187,646283.551,1486.971,p5,2025/06/23 13:49:22
fred2,127456.033,646271.960,1485.608,p6,2025/06/23 13:49:55
fred2,127445.628,646251.800,1486.843,p7,2025/06/23 13:50:39
fred2,127432.111,646263.092,1485.651,p8,2025/06/23 13:51:08
fred2,127403.000,646296.679,1491.636,p10,2025/06/23 13:52:49
fred3,127321.148,646023.452,1492.445,p1,2025/06/23 13:58:27
fred3,127316.972,646006.873,1491.729,p2,2025/06/23 13:59:06
fred3,127305.616,646000.115,1489.579,p3,2025/06/23 13:59:49
fred3,127294.467,645996.287,1487.012,p4,2025/06/23 14:00:16
fred3,127271.043,645989.661,1482.864,p5,2025/06/23 14:01:08
fred3,127252.167,645985.947,1478.221,p6,2025/06/23 14:01:55
fred3,127244.488,645991.610,1477.032,p7,2025/06/23 14:02:43
fred3,127216.881,645988.501,1472.288,p8,2025/06/23 14:03:45
fred3,127225.050,646045.761,1474.021,p10,2025/06/23 14:07:26
fred3,127243.950,646041.388,1479.490,p11,2025/06/23 14:08:58
fred3,127267.628,646044.356,1487.132,p12,2025/06/23 14:10:12
fred3,127305.655,646057.250,1494.358,p13,2025/06/23 14:11:26
fred4,127347.068,645845.770,1475.858,p1,2025/06/23 15:18:05
fred4,127339.174,645841.855,1473.871,p2,2025/06/23 15:18:31
fred4,127341.151,645828.093,1478.436,p3,2025/06/23 15:19:08
fred4,127338.303,645806.997,1472.631,p4,2025/06/23 15:19:42
fred4,127356.174,645799.190,1474.139,p5,2025/06/23 15:21:02
fred4,127381.357,645787.699,1474.192,p6,2025/06/23 15:22:41
fred4,127391.649,645780.499,1472.207,p7,2025/06/23 15:23:30
fred4,127411.356,645769.797,1467.655,p8,2025/06/23 15:24:36
fred4,127416.544,645786.314,1467.459,p9,2025/06/23 15:25:32
fred4,127421.223,645805.862,1467.504,p10,2025/06/23 15:27:27
fred4,127425.063,645812.319,1467.160,p11,2025/06/23 15:28:16
fred4,127466.663,645788.850,1462.206,p12,2025/06/23 15:29:24
fred4,127480.133,645810.193,1462.331,p13,2025/06/23 15:30:32
fred4,127470.703,645816.734,1463.309,p14,2025/06/23 15:31:09
fred4,127451.613,645826.860,1465.035,p15,2025/06/23 15:31:51
fred4,127422.794,645845.230,1468.400,p16,2025/06/23 15:32:45
fred4,127429.187,645853.985,1469.087,p17,2025/06/23 15:33:12
fred4,127376.695,645844.400,1474.815,p18,2025/06/23 15:34:33
fred5,127371.973,645850.215,1475.279,p1,2025/06/23 15:35:10
fred5,127374.689,645863.763,1475.833,p2,2025/06/23 15:36:25
fred5,127388.613,645871.675,1476.006,p3,2025/06/23 15:36:54
fred5,127405.454,645887.594,1473.803,p4,2025/06/23 15:37:44
fred5,127437.506,645865.428,1469.378,p5,2025/06/23 15:39:41
fred5,127434.527,645860.698,1469.107,p6,2025/06/23 15:40:01
fred6,127448.803,645931.536,1473.674,p1,2025/06/23 15:42:40
fred6,127492.180,645901.274,1466.077,p2,2025/06/23 15:43:45
fred6,127514.970,645882.116,1462.415,p3,2025/06/23 15:44:55
fred6,127522.525,645875.231,1467.607,p4,2025/06/23 15:45:41
fred6,127504.059,645869.853,1463.780,p5,2025/06/23 15:46:22
fred6,127493.620,645879.700,1465.154,p22,2025/06/23 15:58:45
fred6,127458.883,645910.535,1469.108,p23,2025/06/23 16:00:56
fred6,127442.684,645923.255,1473.951,p24,2025/06/23 16:01:24
fred7,127511.530,645862.600,1463.175,p1,2025/06/23 16:07:52
fred7,127522.374,645854.747,1461.686,p2,2025/06/23 16:09:46
fred7,127512.832,645849.973,1461.835,p3,2025/06/23 16:10:06
fred7,127503.259,645840.541,1461.924,p4,2025/06/23 16:11:41
fredr,127501.691,645834.719,1463.011,p5,2025/06/23 16:13:07
fredr,127499.260,645823.035,1465.610,p6,2025/06/23 16:14:14
fredr,127511.245,645812.412,1459.537,p7,2025/06/23 16:14:56
fredr,127517.130,645807.806,1458.555,p8,2025/06/23 16:15:19
fredr,127512.723,645800.809,1458.550,p9,2025/06/23 16:15:48
fredr,127538.291,645784.913,1454.031,p10,2025/06/23 16:16:28
fredr,127545.270,645780.646,1450.799,p11,2025/06/23 16:17:01
fredr,127546.901,645786.215,1451.386,p12,2025/06/23 16:17:13
fredr,127544.434,645789.132,1453.805,p13,2025/06/23 16:17:36
fredr,127546.757,645794.879,1454.051,p14,2025/06/23 16:17:50
fredr,127551.090,645812.064,1455.573,p15,2025/06/23 16:18:24
fredr,127553.628,645829.189,1456.120,p16,2025/06/23 16:19:08
fredr,127555.749,645851.222,1459.725,p17,2025/06/23 16:20:09
fredr,127554.018,645866.097,1469.785,p18,2025/06/23 16:22:25
fredr,127552.925,645872.666,1461.810,c1,2025/06/23 16:22:50
fred,127534.494,645861.948,1463.103,p22,2025/06/23 16:27:14
fred,127532.379,645866.284,1461.406,p23,2025/06/23 16:27:33
Munyooli.Gertrude.Bunamwani,117343.182,630136.851,1247.238,p1,2025/06/24 11:47:49
Munyooli.Gertrude.Bunamwani,117339.132,630153.054,1247.110,p2,2025/06/24 11:48:29
Munyooli.Gertrude.Bunamwani,117313.181,630147.382,1246.547,p3,2025/06/24 11:51:53
Munyooli.Gertrude.Bunamwani,117315.959,630132.680,1248.230,p4,2025/06/24 11:54:18
Judith.Latest,120151.636,630082.225,1262.934,p1,2025/06/24 12:20:14
Judith.Latest,120136.658,630125.431,1259.918,p2,2025/06/24 12:21:56
Judith.Latest,120122.090,630121.010,1260.738,p3,2025/06/24 12:23:01
Judith.Latest,120120.261,630107.146,1260.249,p4,2025/06/24 12:24:13
Judith.Latest,120119.975,630077.864,1261.776,p5,2025/06/24 12:25:10
Judith.Latest,120119.764,630072.053,1262.153,p6,2025/06/24 12:26:02
Judith.Latest,120120.700,630072.080,1262.989,p7,2025/06/24 12:27:03
Judith.Latest,120080.635,630072.981,1262.850,p8,2025/06/24 12:28:22
Judith.Latest,120075.713,630078.561,1262.484,p9,2025/06/24 12:28:48
Judith.Latest,120075.642,630109.138,1260.409,p10,2025/06/24 12:30:32
Judith.Latest,120152.510,630080.628,1260.134,p11,2025/06/24 12:33:26
Judith.Latest,120172.361,630088.792,1259.951,p12,2025/06/24 12:34:03
Judith.Latest,120193.471,630095.860,1259.205,p13,2025/06/24 12:34:44
Judith.Latest,120213.237,630101.653,1258.432,p14,2025/06/24 12:35:19
Judith.Latest,120130.039,630096.027,1259.480,cmold,2025/06/24 12:41:55
Judith.Latest,120130.033,630096.024,1259.482,cmold1,2025/06/24 12:44:44
Judith.Latest,120126.196,630095.966,1259.527,tp,2025/06/24 12:44:59
Judith.Latest,120120.871,630107.666,1259.947,Angle.bar,2025/06/24 12:45:35
Faith.HalfLondon,120233.249,630546.611,1240.836,p1,2025/06/24 13:12:16
Faith.HalfLondon,120222.685,630568.136,1240.948,p2,2025/06/24 13:13:26
Faith.HalfLondon,120180.215,630547.663,1241.556,p3,2025/06/24 13:15:13
Faith.HalfLondon,120189.870,630527.249,1241.827,p4,2025/06/24 13:15:48
Faith.HalfLondon,120200.520,630505.313,1242.280,p5,2025/06/24 13:16:25
Faith.HalfLondon,120211.370,630484.292,1242.224,p6,2025/06/24 13:16:57
Faith.HalfLondon,120169.007,630570.608,1241.205,p7,2025/06/24 13:18:51
zebtech.halflondon,120758.290,630093.150,1235.275,p1,2025/06/24 13:40:38
zebtech.halflondon,120778.705,630101.460,1235.863,p2,2025/06/24 13:41:16
zebtech.halflondon,120759.546,630141.089,1236.700,p3,2025/06/24 13:42:46
zebtech.halflondon,120736.484,630143.118,1235.782,p4,2025/06/24 13:43:41
zebtech.halflondon,120728.404,630140.205,1236.920,p5,2025/06/24 13:45:10
zebtech.halflondon,120738.736,630121.589,1237.168,p6,2025/06/24 13:46:14
zebtech.halflondon,120719.628,630075.812,1238.398,p7,2025/06/24 13:48:40
zebtech.halflondon,120710.993,630080.329,1239.186,p8,2025/06/24 13:49:03
zebtech.halflondon,120707.633,630113.581,1238.484,p9,2025/06/24 13:49:37
zebtech.halflondon,120778.308,630095.426,1236.158,p10,2025/06/24 13:52:00
zebtech.halflondon,120778.687,630095.664,1236.287,p11,2025/06/24 13:52:29
zebtech.halflondon,120784.479,630098.282,1236.061,p12,2025/06/24 13:52:43
zebtech.halflondon,120794.032,630110.360,1236.534,p13,2025/06/24 13:53:04
zebtech.halflondon,120780.398,630140.189,1237.645,p14,2025/06/24 13:54:30
zebtech.halflondon,120759.805,630141.133,1236.568,p15,2025/06/24 13:55:48
zebtech.halflondon,120779.085,630101.570,1235.947,p16,2025/06/24 13:57:49
Akello.,120569.102,629625.497,1243.941,p1,2025/06/24 14:21:40
Akello.,120586.386,629625.374,1243.015,p2,2025/06/24 14:23:24
Akello.,120603.340,629624.723,1241.192,p3,2025/06/24 14:29:31
Akello.,120605.387,629630.729,1242.128,p4,2025/06/24 14:30:01
Akello.,120602.387,629630.716,1242.054,p5,2025/06/24 14:30:14
Akello.,120602.393,629639.506,1242.544,p6,2025/06/24 14:33:16
Akello.,120586.410,629642.211,1243.377,p7,2025/06/24 14:35:55
Akello.,120572.506,629643.671,1243.712,p8,2025/06/24 14:38:20
Akello.,120572.507,629642.128,1243.900,p9,2025/06/24 14:38:59
Akello.,120569.721,629642.070,1243.850,p10,2025/06/24 14:39:16
Akello.,120569.501,629645.996,1243.410,p11,2025/06/24 14:39:33
Akello.,120569.386,629644.905,1244.275,p12,2025/06/24 14:40:17
Akello.,120568.632,629644.975,1243.760,p13,2025/06/24 14:40:33
Akello.,120566.195,629625.905,1247.769,p14,2025/06/24 14:41:43
Akello.,120536.018,629647.274,1244.774,p15,2025/06/24 14:43:03
Akello.,120525.493,629626.963,1245.186,p16,2025/06/24 14:43:51
Akello.,120531.898,629625.579,1245.657,p17,2025/06/24 14:45:18
Akello.,120606.493,629615.000,1240.623,tp,2025/06/24 14:50:30
Akello.,120602.353,629614.232,1241.341,tp1,2025/06/24 14:50:45
Akello.,120582.011,629604.581,1242.304,tp2,2025/06/24 14:51:55
Akello.,120573.430,629604.135,1242.906,tp3,2025/06/24 14:52:26
Gidudu.Twaha.Busamaga,119863.603,632035.430,1252.452,CM2,2025/06/25 13:18:01
Gidudu.Twaha.Busamaga,119853.522,632034.763,1252.996,CM1,2025/06/25 13:25:09
Gidudu.Twaha.Busamaga,119863.848,632041.295,1252.687,CM3,2025/06/25 13:27:52
Gidudu.Twaha.Busamaga,119865.888,632047.044,1253.945,CM4,2025/06/25 13:28:38
Gidudu.Twaha.Busamaga,119865.626,632058.841,1253.933,CM5,2025/06/25 13:29:30
Gidudu.Twaha.Busamaga,119863.232,632070.142,1252.811,tp,2025/06/25 13:33:04
,119859.157,632089.948,1254.424,Old,2025/06/25 14:03:13
,119836.314,632031.456,1253.263,Wall.P,2025/06/25 14:04:26
,119835.838,632031.381,1253.474,Wall.P1,2025/06/25 14:04:33
,119839.222,632031.303,1253.402,Wall.P2,2025/06/25 14:04:50
,119837.770,632031.300,1252.665,Wall.P3,2025/06/25 14:05:39
busamaga,119852.434,632067.801,1252.840,CM6,2025/06/25 14:22:07
busamaga,119863.255,632070.039,1253.097,4RrlR11454,2025/06/25 14:24:25
kiisaAugust,119329.888,633101.416,1271.816,cmold,2025/06/25 14:43:23
kiisaAugust,119329.291,633102.711,1271.861,cmoldedt,2025/06/25 14:43:49
kiisaAugust,119358.786,633109.104,1273.005,cmold1,2025/06/25 14:47:18
kiisaAugust,119373.848,633066.380,1271.371,cmold2pt1,2025/06/25 15:04:00
kiisaAugust,119341.777,633062.244,1270.737,cmold3.4R,2025/06/25 15:05:23
kiisaAugust,119414.280,633073.827,1272.050,cm.pt,2025/06/25 15:07:01
kiisaAugust,119392.145,633128.316,1272.963,cm.pt1,2025/06/25 15:08:07
kiisaAugust,119358.225,633118.350,1273.819,cm.pt2,2025/06/25 15:09:12
kiisaAugust,119323.492,633114.703,1273.119,cm.old,2025/06/25 15:10:50
kiisaAugust,119338.736,633061.542,1271.084,cm.oldpt,2025/06/25 15:14:27
Kitiyo.Patrick,136026.432,637965.476,1259.135,cm1,2025/06/26 14:26:14
Kitiyo.Patrick,136048.454,637986.430,1259.152,cm2,2025/06/26 14:30:30
Kitiyo.Patrick,136060.798,637976.023,1258.542,cm3,2025/06/26 14:31:44
Kitiyo.Patrick,136072.992,637965.505,1258.273,cm4,2025/06/26 14:32:13
Kitiyo.Patrick,136050.099,637944.459,1258.603,cm5,2025/06/26 14:33:34
Kitiyo.Patrick,136038.150,637955.184,1259.026,cm6,2025/06/26 14:34:01
Kitiyo.Patrick,136038.643,637933.921,1259.047,cm7,2025/06/26 14:34:49
Kitiyo.Patrick,136062.046,637909.519,1258.483,cm8,2025/06/26 14:38:57
Kitiyo.Patrick,136094.291,637942.693,1257.205,cm9,2025/06/26 14:39:53
Kitiyo.Patrick,136064.608,638009.349,1257.273,pta,2025/06/26 14:57:30
Kitiyo.Patrick,136053.246,637998.727,1257.599,pta1,2025/06/26 14:57:50
Kitiyo.Patrick,136031.196,637978.382,1257.852,pta2,2025/06/26 14:58:25
Kitiyo.Patrick.Sironko,136094.017,637942.872,1257.832,CM1,2025/06/26 15:29:50
Kitiyo.Patrick.Sironko,136071.945,637921.929,1258.067,CM2,2025/06/26 15:30:54
Kitiyo.Patrick.Sironko,136060.209,637910.873,1258.547,CM3,2025/06/26 15:52:44
Kitiyo.Patrick.Sironko,136060.314,637910.755,1257.602,CM4,2025/06/26 15:53:40
Kitiyo.Patrick.Sironko,136041.316,637931.689,1258.174,CM5,2025/06/26 15:54:10
Kitiyo.Patrick.Sironko,136052.149,637942.545,1257.734,CM6,2025/06/26 15:54:31
Kitiyo.Patrick.Sironko,136031.631,637962.619,1258.672,CM7,2025/06/26 15:55:12
Kitiyo.Patrick.Sironko,136049.918,637979.647,1258.778,CM8,2025/06/26 15:56:19
Kitiyo.Patrick.Sironko,136056.867,637979.440,1257.556,CM9,2025/06/26 15:56:57
Kitiyo.Patrick.Sironko,136049.326,637980.560,1258.634,CM9a,2025/06/26 15:57:36
Mulani.Boniface.musoto,117196.305,630515.006,1249.301,CM1,2025/06/28 15:07:41
Mulani.Boniface.musoto,117180.677,630511.733,1249.174,CM2,2025/06/28 15:08:11
Mulani.Boniface.musoto,117176.873,630536.542,1249.258,CM3,2025/06/28 15:08:44
Mulani.Boniface.musoto,117190.907,630538.749,1249.095,CM4,2025/06/28 15:09:35
zaake.Arafat.ikiki,122195.531,612658.994,1259.196,cl,2025/06/28 16:52:41
,122202.908,612662.988,1259.603,cl1,2025/06/28 17:00:33
zaake.Arafat.ikiki,122199.348,612652.057,1260.107,cm1,2025/06/28 17:07:27
zaake.Arafat.ikiki,122205.674,612639.395,1260.463,cm2,2025/06/28 17:12:02
zaake.Arafat.ikiki,122207.616,612635.604,1260.334,pkt,2025/06/28 17:13:02
zaake.Arafat.ikiki,122213.611,612624.049,1261.209,cc,2025/06/28 17:18:34
zaake.Arafat.ikiki,122222.161,612628.000,1260.853,cm3,2025/06/28 17:25:43
zaake.Arafat.ikiki,122218.580,612633.281,1260.646,cm4,2025/06/28 17:28:30
zaake.Arafat.ikiki,122213.640,612643.904,1260.305,cm5,2025/06/28 17:35:21
zaake.Arafat.ikiki,122207.158,612656.558,1259.796,cm6,2025/06/28 17:43:51
zaake.Arafat.ikiki,122207.173,612656.579,1259.797,cm7,2025/06/28 17:43:53
busoba12,107327.899,628582.137,1280.352,cm1,2025/07/11 17:44:00
busoba12,107345.184,628571.281,1280.696,cm2,2025/07/11 17:44:42
busoba12,107373.645,628551.454,1280.996,cm3,2025/07/11 17:45:19
busoba12,107359.619,628534.769,1279.956,cm4,2025/07/11 17:45:46
busoba12,107348.640,628522.034,1281.045,cm5,2025/07/11 17:49:26
busoba12,107321.063,628548.176,1280.154,cm7,2025/07/11 17:53:17
busoba12,107315.957,628550.358,1279.894,c1,2025/07/11 17:53:39
busoba12,107323.517,628582.474,1281.116,c2,2025/07/11 17:54:13
Namatala,120433.144,629830.205,1247.029,C1,2025/07/24 15:46:17
Namatala,120431.623,629845.213,1247.410,C2,2025/07/24 15:47:58
Namatala,120426.929,629844.959,1247.647,C3,2025/07/24 15:48:38
Namatala,120426.948,629846.060,1247.644,C4,2025/07/24 15:48:50
Nam,120426.207,629847.282,1248.024,C5,2025/07/24 15:51:52
Nam,120411.111,629845.909,1249.019,C6,2025/07/24 15:52:54
Nam,120394.541,629851.158,1250.399,C7,2025/07/24 15:54:16
Nam,120384.797,629853.016,1250.698,C8,2025/07/24 15:55:26
Nam,120380.150,629852.409,1250.641,C9,2025/07/24 15:55:38
Nam,120377.887,629850.755,1250.980,C10,2025/07/24 15:55:53
Nam,120372.833,629823.156,1250.526,C11,2025/07/24 15:56:37
Nam,120373.239,629818.456,1250.247,C12,2025/07/24 15:56:49
Nam,120393.912,629820.028,1249.389,C13,2025/07/24 15:57:24
Nam,120393.864,629820.807,1249.423,C14,2025/07/24 15:57:41
Nam,120413.341,629825.314,1248.935,C15,2025/07/24 15:58:19
Nam,120413.493,629824.405,1248.362,C16,2025/07/24 15:58:32
